1.5185237310704829,0.4904038838848432,5.605326705559878,1,,1
0.4572539249310026,0.41734046463231766,2.8602738444406817,,,1
1.1074845581714012,1.6051460724462603,2.811540412347038,,1,1
2.1073560239129088,2.0327835578183215,4.041701854871047,1,1,1
1.8893248247199403,1.3321819587162436,0.885176049386842,1,,
2.2908153378043203,2.7159575496686124,4.237649078212544,1,1,1
2.580622613213249,1.1777539093008504,0.10587441531580631,1,,
0.9175810834407304,2.2438583455328245,6.9170369623162,,1,1
0.018132894399492252,1.0153453052923944,0.2394028909944794,,,
2.484243273650791,2.8329989262567326,3.9380469971623913,1,1,1
0.49481023183397094,3.1495142745696576,0.44672597652663376,,1,
0.9583562860666843,0.7977435868713788,6.5455521804604215,,,1
2.2678289572080548,1.7450024425101582,4.58352985262511,1,1,1
0.12876224839118816,2.6357734765416447,5.430472330829922,,1,1
2.2376579222310102,1.565402498516902,2.406176585331499,1,1,1
1.8344791836877707,0.5309272913582188,0.9466223781778602,1,,
0.25146006736963555,0.24094801173569408,6.10979616916118,,,1
0.6214593509667176,0.8619637585038562,7.147415684516568,,,1
1.7055011097707002,1.0281732717007794,5.985873834818644,1,,1
2.0128340673962595,3.107689017306866,4.47357237606472,1,1,1
1.144931186827985,1.2488271759541363,3.3269966775379793,,,1
2.231002773468046,1.787488948237607,4.679907990067502,1,1,1
1.1032881314138696,1.8211218569924814,0.059986321506897956,,1,
2.362998386336268,1.9558158674446615,5.949878142105895,1,1,1
2.0496284183091267,0.754167440761264,0.10617032355644876,1,,
0.6444106356836169,0.19595460176290075,5.626432777032435,,,1
0.0926820962494167,2.1628471075884708,2.44389565284094,,1,1
1.1019810468724576,1.746879318240258,3.913606387245441,,1,1
0.062235441499299465,1.2125643854610035,2.71995793787134,,,1
1.4518653461185402,2.819505600773874,5.881089261226232,,1,1
1.9921456690504296,2.7795217418529186,3.0538678032969573,1,1,1
0.9094474651657202,1.3263986702110968,6.935725345153411,,,1
1.8210569121081916,2.143476491105045,1.3150171840087044,1,1,
1.9517590664899143,2.838163757655592,5.7187624159610975,1,1,1
1.4313416852515821,0.5003168530612788,1.1948412845772338,,,
0.13437051754575374,0.008161829232770557,6.134412906691809,,,1
1.5335345930795163,1.8230100744629443,7.292122501573397,1,1,1
2.1099924257628806,0.8801102469397174,5.330737049175588,1,,1
0.9541241784781824,1.8262343999547321,5.616796400572986,,1,1
0.056392618551453895,1.7923858980909204,1.0026575508386701,,1,
2.597251757905621,1.414783510239533,6.53680245912713,1,,1
0.8091063349582933,2.746628507341173,1.3779602182898039,,1,
1.403862819865944,1.416626921112117,1.7552133605543494,,,1
1.5946833434162084,0.39706963629009073,4.0613052564846015,1,,1
0.8420888989726286,2.696213785530786,4.834508065600697,,1,1
1.3354207006594452,1.2017381786343568,2.6612369623931067,,,1
0.32065381527517833,1.98635608657641,0.8838489721847657,,1,
1.5697669762302109,1.9382098652937458,3.2027964048341726,1,1,1
2.540043426173018,2.6103396953339115,5.487952454249083,1,1,1
2.4618138629466477,2.0396759426594584,3.8858181607798996,1,1,1
0.04991263236100701,1.4029856663698064,2.620509923370238,,,1
2.553095703289805,1.6917819776268428,1.3566220580229735,1,1,
1.964982737319949,1.1652666881065565,5.357196866832809,1,,1
1.290415748972038,1.2034045983700186,5.620319108262129,,,1
0.9368831774568551,2.1871520215576545,5.0766673197811585,,1,1
0.08803523666603846,1.6173223748259709,1.4522055647730636,,1,
1.308241637497393,1.759226035937524,4.870235375919645,,1,1
2.505204273804035,2.1256436554225195,1.9840321667475171,1,1,1
0.45831403639790036,1.0348233971221381,4.641126022164759,,,1
1.5627270911945053,1.4319129720194705,0.4649364488959013,1,,
1.974563274370387,1.2681767492258114,2.396224642634776,1,,1
1.6092370128161666,0.9271525232899409,5.6787866211608105,1,,1
1.761895460727463,2.6559309494301133,4.930085200334829,1,1,1
1.1468894625284511,0.09323987875541424,4.45816150850846,,,1
1.946110499648478,0.7038810083902246,4.882165131534654,1,,1
1.6875582755145602,2.4583537381805685,2.3074456314803045,1,1,1
1.7228655566461786,2.361860420136531,6.921233861108799,1,1,1
0.4770362041460081,0.7805770026384269,3.571975246883519,,,1
0.021234094134418482,1.89520586465917,6.9375257822537275,,1,1
1.0082085283106659,1.8969847034169085,6.073480201235973,,1,1
2.6335828093825153,3.0105171750471365,1.824251873843599,1,1,1
0.540431483402446,3.1491958737738273,3.0542926623471898,,1,1
0.16607786998432605,0.37832010221383106,3.1078590287956254,,,1
2.1131995802654666,0.04843101475003812,1.2371795796418972,1,,
1.5562972986390367,1.2272999663221549,6.42601848229869,1,,1
0.2662065975551555,2.1317462380410306,3.396274220279946,,1,1
1.4537394870585956,0.2617430733546032,4.6515855914838165,,,1
2.411703052396508,2.761443969566756,2.867276690360467,1,1,1
1.868681817827613,2.160160256262778,6.69855574459365,1,1,1
1.7963061241466747,0.26856989051780544,4.8152856246673545,1,,1
0.9811789907598621,0.43331504823056655,6.3699081922622405,,,1
0.6190639590917432,1.4157814054908215,5.481294090029115,,,1
0.7607367049182675,0.19685513653885464,3.6319993048679797,,,1
2.101722845402563,1.9482927617311396,7.130213397788417,1,1,1
0.25514299434208143,0.79163265305855,6.761011869496128,,,1
2.5540038357699806,0.4206150773132243,4.03736781097186,1,,1
0.9190844331525633,0.38427930186517073,0.11642663729284773,,,
1.0910671976947095,2.1403789741118833,3.3974726247359195,,1,1
1.1985292094897613,1.95765828751125,0.1502253443596755,,1,
2.2079772316530857,3.293782995565303,5.906990032850948,1,1,1
2.049951162840322,1.0101456210578061,3.8678590654409235,1,,1
0.03135637615778001,2.840683039502415,2.6155708285208705,,1,1
1.296965991135196,0.21304334699765876,6.250397227845432,,,1
1.5750213820921477,2.2427220410663566,3.7833324682012996,1,1,1
1.4804732797922275,2.8698886592193995,7.260887469237723,,1,1
2.0596158803917013,1.3962205937847072,1.510495398111179,1,,1
1.2084174080930874,2.186727432330208,1.8140909549674684,,1,1
2.470630841848688,2.3731279913587326,0.5715091767697315,1,1,
1.7521342684144263,3.015036863277659,1.5237798796285722,1,1,1
1.5503224168871035,1.548893912137584,4.3182942742519455,1,1,1
1.2967858271619066,1.1600179836485023,6.774779569559718,,,1
1.5104770400837184,1.8878447346135705,1.014119644785501,1,1,
2.119363644759196,2.9572333461124103,0.7801962510435332,1,1,
0.790635153842395,2.38298085254768,5.219424316760443,,1,1
1.2186916728384785,1.5106916381930606,3.9520652172014903,,1,1
1.6998244384524435,0.04401859314980874,5.036831366766063,1,,1
1.130728362908924,2.459834017238161,7.0608943465785545,,1,1
1.267873750339049,3.1543313497541416,5.097520198739103,,1,1
0.8611899545232241,0.29552763397603515,5.771502770463042,,,1
1.4561042570775515,1.5961789703737492,6.650793390758451,,1,1
0.20544655793941277,2.7711199573726426,3.9795602940665264,,1,1
1.0764610583350764,0.11921666565949206,1.8361569138566631,,,1
0.6674998875190954,0.3954209670607504,7.170578696405038,,,1
0.10646991065981512,0.15417819381347284,0.48266196153115354,,,
0.11194753614870581,1.5232911028383807,3.2810102071779728,,1,1
2.2038561903261114,2.01128859001322,1.9690304656166597,1,1,1
0.6512808150957676,1.8668076377701877,0.5494687108702418,,1,
1.4724190911461421,0.582464918483206,2.0205067282872906,,,1
2.664315725610154,3.134010055906821,4.872276531514432,1,1,1
0.33972030165979045,2.1819996334497023,5.749456331429144,,1,1
0.11010999354889558,0.3661136873401797,4.059113622399748,,,1
2.1218335988297112,2.3947447162927706,1.5835971429628624,1,1,1
1.3642058103491377,3.152168086143315,5.711798466903663,,1,1
1.6924487671224866,1.8403299918233111,3.1790039351538244,1,1,1
0.20185713678659392,0.19052869976431883,6.019468064802179,,,1
0.39123413479028885,0.014713625918485972,6.328491473142138,,,1
1.573646221012451,0.7837369833751138,1.3519806667366498,1,,
1.6338547313680023,2.326404224260408,4.133153090632794,1,1,1
0.20656282618843208,3.104435299310233,2.3240017363543046,,1,1
0.2385772032476898,0.18938511942160063,3.0405203720508065,,,1
0.39107205739584466,3.2991414724544645,3.4542219481505394,,1,1
1.9317434320502291,1.4040724432345306,0.26818093468572196,1,,
0.277168397707974,0.7960736525414318,4.270472031262322,,,1
0.7809435545543411,2.9605690048911844,5.594607287303496,,1,1
0.11117626854747059,0.3562438294622865,3.946178351732265,,,1
1.4591229468241766,2.5395525615291756,2.080382332248529,,1,1
1.4573303928638506,2.551939258640212,2.9956658048598266,,1,1
1.9256087067667196,2.109862125284928,1.2618077216446153,1,1,
0.688397440257487,1.8842698696794309,6.4930401951106,,1,1
2.6740679801238656,0.43933597370324273,0.4737444918462381,1,,
2.0473933750155515,0.22858847235104507,4.707667510004774,1,,1
0.7671239202391447,2.6266840987363707,1.1870116254016128,,1,
1.6044508748317095,2.7016694114634854,6.545540441118936,1,1,1
0.8530202214150974,0.4089598818481521,3.4272302226845524,,,1
0.33501397467535243,0.5677105262823052,3.7405292133070946,,,1
2.169482262245883,1.3533454564416725,3.8081369736760258,1,,1
0.676549620541968,0.32595703734022785,0.43451557687846426,,,
1.248862184706416,2.565348162525612,1.7201920270451216,,1,1
0.8520441100620959,3.2427292298808386,3.1388766021315715,,1,1
1.1192127342319063,2.5288216056457924,1.795163137729267,,1,1
2.4995012058055295,1.3378578684921538,2.444947759651294,1,,1
0.47113692697155923,0.5851050635674063,1.369864491189486,,,
0.5853021768136063,1.8632865577525424,2.868735185413758,,1,1
0.4828717537299749,2.2591799910551655,0.6684142917297615,,1,
0.293738271719267,3.1857663720742946,4.257200031164752,,1,1
1.0576018443201474,0.8732531207347524,3.919744030468783,,,1
0.02077913850033134,0.94405037659382,6.41822197183312,,,1
0.4591671379205378,1.937281256104337,6.741999110381244,,1,1
1.6582285154076475,2.8000493528483426,4.428367133818892,1,1,1
1.8288225913572305,2.0817197174435713,5.4043419162748885,1,1,1
2.6668197449015674,0.6034182158589991,2.4463605549770926,1,,1
0.8995300167136631,0.5665514547145336,6.417154283397689,,,1
1.7140221616081386,2.664347297079412,4.009642211513831,1,1,1
1.87849395708529,1.0297649849328119,4.8988949053389135,1,,1
0.11594258505804149,3.088520777916822,6.491283540311382,,1,1
2.6494008420755706,0.08155639082248652,1.7646011338864038,1,,1
2.5650605307682066,1.4442023680694867,1.732551920401668,1,,1
0.48901979766874304,0.6432273250334977,5.71235097531539,,,1
1.6422424014250354,0.5996223426134537,6.354518436126321,1,,1
2.079278912962322,2.9002702163236385,1.4352419138702073,1,1,
1.034409661194404,1.3605188044510357,6.319933455702521,,,1
0.6715764187507062,2.745117748355786,6.168427394182837,,1,1
2.3278414918709918,1.7119525848018222,0.7507526053711536,1,1,
0.283751213371834,0.5438273616404152,5.870200332623336,,,1
2.532834497290216,1.6504442277729108,2.508193908371008,1,1,1
1.1659243382889264,2.554945790982444,6.868650783076972,,1,1
0.7023096379550681,2.5180014060338967,4.150817097597866,,1,1
2.251057465105116,2.6928921487791992,3.1799940063268393,1,1,1
2.0289866008792883,0.477723925880158,2.770870356369282,1,,1
1.6991234004751579,2.1527942136488205,7.145683228078978,1,1,1
2.4686698514932424,2.84297428967328,5.131531619444333,1,1,1
0.4173179311017564,0.9972632095365107,4.432328929130856,,,1
0.6560211708345409,1.0251910938241608,6.208446228194743,,,1
1.04557842038735,1.2169846439147705,4.69458437022419,,,1
1.6155623882192713,2.8795060733291176,6.645610189378657,1,1,1
2.0426720375378555,0.6329891747828007,0.8929738223714488,1,,
1.106561112638582,3.0183015716431965,2.687002441581395,,1,1
1.7694913557317207,1.1733752474968857,2.3600297073821355,1,,1
2.1528939183861464,3.169237446287337,4.370506263360094,1,1,1
0.9819053226685694,2.978272069398322,3.127365181049533,,1,1
0.896095896021156,1.9127459347064353,7.282091717949914,,1,1
0.8065839437862492,2.6598294080270732,1.9429611814881407,,1,1
2.083128849398371,1.0767882689128647,0.537198437210865,1,,
1.279630060967564,3.272340327763347,5.360080435982028,,1,1
1.4304676473607314,1.1020448229625543,7.20625950160522,,,1
0.25704002618631683,0.5252573776771808,3.7606913497487398,,,1
1.0937930335080468,1.8209707789393819,5.06150176279109,,1,1
0.23239684920662212,3.0262594609890403,0.6364130299080794,,1,
1.1866482900935766,1.8838010090735964,1.0088471384817408,,1,
0.7464354174061552,0.24473154623037668,0.1906054082474307,,,
1.6623884731970564,1.6762195329223721,0.01080253154540296,1,1,
1.4193719134555347,0.36071753932318384,0.26394125855993494,,,
2.39854530550715,2.949375095860054,6.1212855671532695,1,1,1
0.4027968495518221,1.5881476437725068,5.374138478409284,,1,1
2.3858403943195956,2.9521008462922986,5.507474665681706,1,1,1
1.1569019312200868,0.8167360679629913,4.06535290486493,,,1
1.7173329286592272,2.0129139757933907,0.8003379032652489,1,1,
0.8286711973578735,2.2485355003670375,2.284615082530543,,1,1
2.1405275755121536,2.7686666214008544,4.588688977656918,1,1,1
0.23948752108971938,0.581674951913532,3.190116680845721,,,1
0.6832125214026644,1.3931049234603416,6.495810186650325,,,1
2.3121780341607456,0.44539550771959985,6.5809882589796445,1,,1
1.1173754360258101,2.692101212960807,6.952773366554127,,1,1
1.7090931577655233,0.4469699150210064,2.143731025217295,1,,1
0.1497808709072161,1.6339140897448468,3.3275503716372588,,1,1
2.1970345907517497,2.8113303428493226,4.813414706942704,1,1,1
1.7517946633706492,1.1784768507324634,4.14857484884521,1,,1
0.06826677705251093,0.9378698508014703,3.1677147103334615,,,1
1.51295189843484,0.054847109467171494,1.3031037096223157,1,,
2.2751883918546607,1.3099030317698028,5.3588536068731765,1,,1
1.3079924062986998,1.9281867932766363,4.982785554682662,,1,1
1.0235618482245459,0.5056571069758024,5.165072542335807,,,1
2.2937511323511646,2.2293090586977162,3.9932236143697484,1,1,1
2.202706692242972,0.6378009753137261,2.819702911200563,1,,1
0.25285989866752406,2.1044247725036755,4.311745990740802,,1,1
2.0846164203801694,2.647782065109204,6.01622668257663,1,1,1
2.434200358663929,0.6540733943139512,4.04756247661212,1,,1
1.2834407393589289,2.3338478662970563,6.431300365719194,,1,1
0.18446691367508145,0.33189037634623136,6.758637548886821,,,1
2.5399806298741123,0.8883803941093575,5.347469436737828,1,,1
1.4485652002105065,2.0073015487089054,3.9788876776698685,,1,1
0.361151640900708,1.0799979720853699,6.503799492049843,,,1
2.49045982710673,0.727232768972633,0.2259387506377011,1,,
0.3921181606728328,2.0765295830161,2.9749380509039236,,1,1
0.8322502552044035,1.0634580599230603,4.05258750533991,,,1
2.2421935150161305,0.45520884701756803,4.638025238637436,1,,1
1.0965442032596127,0.34762653918105785,0.21560229950335644,,,
1.4959204134171415,2.7982385796873923,2.150129925299085,,1,1
0.2841688706437326,2.001531397462813,1.241928697539078,,1,
1.2757603042841998,1.544138200660164,4.926681531404804,,1,1
2.0692466953097015,0.21882358318925998,5.66241640837683,1,,1
1.0634182781503723,1.4058745582907326,0.7676954268662238,,,
1.7151501610183726,3.0027741151307183,5.922480729837881,1,1,1
0.09327698584597652,0.8982669856004882,5.274038110266749,,,1
0.6737170064532194,1.493165423683802,0.6251645722421475,,,
0.6862543004731526,2.4378336349099605,0.09154036884460331,,1,
0.8137355442541677,2.5257831099639603,0.6542207797035966,,1,
0.0838738476233726,0.7787702276548579,2.915090781023369,,,1
1.373612864394396,1.7893726707204725,4.215979203934673,,1,1
0.3360003632510026,2.201150984214976,2.880086931131178,,1,1
0.20000529842594258,0.2693404888456844,1.0321172689856954,,,
2.565448615900774,1.0450896306146111,1.7408581401415315,1,,1
2.2433313538997335,1.2925131865034716,1.389343316494649,1,,
0.19155931749573715,0.6216976587378013,0.8004025288509041,,,
0.7203869641597156,1.7455987400759037,3.231329256842619,,1,1
0.010597238352548978,1.634087283664177,3.263617494218065,,1,1
1.0755842494053849,1.1034144219302333,3.935097595624421,,,1
0.016022030253565203,2.789518554491476,3.415213533444859,,1,1
2.6287384381084715,1.1107766086430289,5.7612831165406275,1,,1
2.3860787680098317,0.24102828981176555,2.2377316857041305,1,,1
1.9886484213924782,0.009987500245682589,0.3714731414880307,1,,
1.3385241929023666,1.2862838210961112,5.355451961094323,,,1
1.9056483704193155,0.5467996211031436,0.8549027371886402,1,,
1.8921704426547652,0.5789563684572413,2.428579417493959,1,,1
0.34133506015410564,1.9552323055379721,3.8302450841199343,,1,1
2.0349914879103497,2.898313615085001,2.008109140063188,1,1,1
2.6055235813224527,0.7197203648941778,0.9708276200577749,1,,
2.0433417943220533,1.2972306221591157,4.6145826981161475,1,,1
0.314152535051975,0.11482880050354065,2.576365157762241,,,1
0.3455521167386212,1.6031389945967418,4.18715681332689,,1,1
1.9595809045019785,0.018596639535224002,4.612378678499407,1,,1
1.9640515934473344,1.2444275773634486,0.7839987252884979,1,,
1.6928696073593454,1.5482659104005827,5.613091005141064,1,1,1
1.8018558079457843,0.3419869569497675,3.462812043244371,1,,1
1.4248364305215404,0.46497501822949433,3.4203166588588916,,,1
0.3750436331000322,0.108429043915347,0.6209782708573843,,,
0.40925737265097456,0.5739110941035266,2.354913302918346,,,1
2.564609159562544,1.2675434421560974,0.06415919631561194,1,,
1.098490677667271,0.9944143881509442,0.621277646651814,,,
1.8075532940834782,1.3622245013491512,3.4216127372250633,1,,1
2.110546775016235,0.14879993644487033,2.1556754234002313,1,,1
0.9751685471981161,1.3781945604962114,5.850028859591928,,,1
1.378965272984611,1.5141400104546914,1.8647986479654588,,1,1
0.7517527334173225,0.7356325308082572,0.9558873463770344,,,
0.39982229691870713,0.8471843201945602,5.470132768591444,,,1
1.7007531467534232,2.1555943012373544,4.093726391747365,1,1,1
1.7426784457964257,2.2319915586684793,5.050615543659999,1,1,1
0.22943396180884226,0.7056457448848047,4.576766427100229,,,1
1.8215865951227745,2.6459028216263056,0.5913297234140621,1,1,
0.39797528179841263,0.7303347206706429,6.646697387964393,,,1
1.543582137284367,3.2806563879911104,2.5801946000943468,1,1,1
0.5644258747328342,1.3915728560443175,3.716968610870726,,,1
2.2228641466245485,1.9453748759660023,4.505464545800245,1,1,1
0.9960254005712514,1.2794030435545851,4.974297090484106,,,1
0.031861058100845135,3.112261376100431,2.7528803404789524,,1,1
2.5806884586586762,2.945806390784911,6.405951678023044,1,1,1
0.025822856823381847,0.25530736411301,6.638965906434658,,,1
1.206902479504304,3.144045417911536,6.834936622766995,,1,1
0.2335141294705573,1.429342077120543,5.595099215496688,,,1
2.0994974082342597,0.5461105871304297,4.110242598041089,1,,1
1.1098367975752472,0.5319018768882374,5.069504656366623,,,1
0.5199976039193996,3.130035599381396,6.176324148943051,,1,1
2.2460468321194615,0.5835855108313591,0.47117246907589627,1,,
0.8897349836582497,2.173921832336859,5.841676319695715,,1,1
1.8486331505608355,0.9404902997201966,1.0877666737281437,1,,
0.08434532536517991,2.9417806899496437,0.8376946325746387,,1,
2.5000695263878336,2.4850314147016057,0.612402867679196,1,1,
0.546566681712712,1.6248365839758283,3.1033140256582734,,1,1
0.2783061314517247,2.9740140395915367,5.497586159885051,,1,1
1.3490276365468878,0.26694423978093573,4.007441918559268,,,1
2.2470375200495516,2.4917139371520234,6.4979664963327535,1,1,1
2.6784481062036387,2.4641585376122213,3.4160031408172298,1,1,1
2.50112852883377,0.48259053861578627,0.29383423282393845,1,,
1.1205738212928908,0.5014682318772119,2.3163848844889614,,,1
1.3737735747463382,2.137187600011155,4.428589246215231,,1,1
2.5927103165311096,0.5813765322213479,3.8020052990043847,1,,1
0.03688378527413694,3.0733546591442003,2.5237420409704994,,1,1
2.046752055382906,2.7346010799114837,6.073500199031246,1,1,1
2.690276838839758,2.564124102526748,0.7674934808767498,1,1,
1.8766139926608125,1.0192152837896369,3.4022290203905654,1,,1
2.492123904893449,0.22395699661029736,4.431841574116042,1,,1
0.15378014709494708,0.18257423932639152,6.776259300225505,,,1
1.270539440294831,0.40046791328694137,4.848627212871271,,,1
0.47525831944929914,1.994882801370674,2.72915508269406,,1,1
1.457278589289166,2.823406459733575,5.438673702876842,,1,1
2.1920840663173644,0.8719820296906424,4.777832940312359,1,,1
0.8216991955577312,2.405481298990502,2.0816239906482865,,1,1
0.34324928544138505,2.8347464403324167,3.546845500740618,,1,1
0.43320261660329673,1.6870429840191248,6.799446675377857,,1,1
2.038646238794141,3.189630742919783,6.1651813113809375,1,1,1
0.6400190977985101,1.9837878541810627,0.5727240464335105,,1,
2.0790298627083614,1.1328545250658955,3.2384261359138655,1,,1
2.1731161440019164,0.9968815205027984,3.766358144109422,1,,1
2.6238119809281186,1.4987319484933042,3.6607565094518226,1,,1
2.464480723703444,0.9424750566151372,5.396799985081956,1,,1
0.16023520436209812,2.0330221089970677,1.783028750053225,,1,1
1.382789097340184,2.804108774540388,0.6197450514828774,,1,
0.2597076498827639,2.3812592610778394,2.779487545961455,,1,1
1.1307796633346057,2.7822112099944087,4.587448217703249,,1,1
0.5529782698629199,1.2783917703145997,5.243205902753753,,,1
0.6263234224965462,2.037093125067716,3.3563512948990355,,1,1
1.5467696329181602,0.8789528549486946,6.955320893359796,1,,1
2.1125466358002822,1.7752807537721158,6.100876490281501,1,1,1
0.7711807753108607,3.2001841794534354,3.310822064440131,,1,1
1.3292501495447513,3.226457718989249,6.917708108590117,,1,1
2.4471358852184215,0.8960525788415769,5.224432319837009,1,,1
2.659702595334794,0.8005903378435032,4.977424427839428,1,,1
0.14636760447473043,1.1646372541165193,2.4885193495306317,,,1
2.450635376648229,1.3790001596492194,5.915396725456234,1,,1
0.7897172390237585,1.3294722745015146,3.002105312208603,,,1
2.275110591489486,1.1806582395679854,3.514144720418323,1,,1
2.143986607730158,0.21263777944475143,0.4158520689925173,1,,
0.30530824803345624,2.985229340595216,2.1372175696208155,,1,1
0.6626731713354419,1.5462635756271388,3.8275246673525363,,1,1
0.08493039312492016,3.04207943403809,4.1672455981475744,,1,1
0.3966303408948925,1.123470450325945,6.308430700243922,,,1
1.5849778882770222,0.8452036480601859,0.4726275448904863,1,,
1.5381371627396825,0.5986923548684022,2.1457336463222347,1,,1
2.4780135455983445,0.7985251010992418,1.3340267771717493,1,,
0.20010524128813276,3.2648242798129554,6.54970269991104,,1,1
0.6080083820487585,3.1692826278885153,1.082562710414998,,1,
1.883027461776327,1.8974356706491602,0.7489253362896946,1,1,
2.5776357145713282,1.2546785224347456,2.4195450593039016,1,,1
1.7895601140765094,0.21180758267605054,2.643890474101188,1,,1
2.174216027627393,0.5877719165762405,0.697232377284426,1,,
2.6624132729412464,2.2549062156371122,0.10179953560585121,1,1,
0.5171011695911281,0.3220335948839365,2.6460043703601275,,,1
0.4812727865077609,1.6097141696680999,1.0083982907750768,,1,
1.619195054209729,3.1455001771755198,1.3691903950755548,1,1,
2.3011671422750224,1.2465280921678947,3.0384993545995997,1,,1
0.6165956889698857,0.06447641786630336,5.828947871004892,,,1
1.6068845310349713,1.632687003907497,7.035577487853094,1,1,1
2.214360725907551,1.566943518405648,4.994763811128563,1,1,1
2.6891421920250944,2.3724805347437763,6.342849047747412,1,1,1
0.6763545688195053,1.4173184967099521,1.0672622042458602,,,
0.8819485866859283,2.866233362983127,1.7746042188334539,,1,1
0.0713250106061612,2.7524668589030856,1.819952103721838,,1,1
2.4285102509634373,3.085783024220107,2.24740602539168,1,1,1
0.5995223204050246,3.1295316634851305,2.442831803515154,,1,1
0.7955165256555108,0.7262369529341635,7.067217681089985,,,1
2.5763884666799304,0.2981640467454875,3.70953087108417,1,,1
0.47852654036367215,2.1430526690473464,6.113191027470921,,1,1
1.9092555692104463,1.9888433240369112,0.06553184707508027,1,1,
0.13603387983025655,2.909522653562787,6.252683005730527,,1,1
2.5184631888748648,2.190778236468617,1.5813613109118918,1,1,1
0.8350815817715487,0.4342361850622624,0.7690539743675366,,,
1.9046018734827757,1.6748121380817478,5.545421636095106,1,1,1
0.22029109203224426,0.4363491163677444,2.7994868782785067,,,1
0.8825193143167489,2.0619933333245006,1.8990060628800447,,1,1
0.6980517380276792,0.5336483945932395,3.221454388482868,,,1
2.4770590056225252,2.3098868598900895,3.1930367154899884,1,1,1
1.274602639157047,1.087882011952385,3.6921964962023326,,,1
0.6824824056223039,3.1292407997518756,0.5568503587508655,,1,
1.196783724659835,1.772683779990323,3.1133107268174736,,1,1
2.2905388307213115,2.4252241220282706,7.00672286998825,1,1,1
2.5174853770742565,2.5075469331413967,7.165004911283762,1,1,1
0.7931150266954793,2.98724303298251,2.777512739390047,,1,1
2.619498698464583,1.2780679751984987,5.194588748720535,1,,1
2.180208283348765,2.387635549120051,1.4927793679856003,1,1,
2.557586717727301,2.1239008801886405,4.049556130883883,1,1,1
2.3063442663239604,3.224082170645688,5.171990823388991,1,1,1
0.9734386139997018,0.007469663329831366,0.5156503856801474,,,
0.15908861981928715,0.8265128422367772,3.761714583661202,,,1
1.480045457687811,0.31746063031558514,3.1665066233867862,,,1
1.3146337884968489,1.5502925501425704,6.679455397602981,,1,1
2.593382628028552,2.4820455747812917,6.654428760590832,1,1,1
0.012615408458949474,2.749124748620852,0.7950050303605508,,1,
0.013506641685551646,0.19034077914286995,3.2212491516503707,,,1
1.4761478306527847,2.3243993253201363,0.1733639608830694,,1,
0.5840547717235772,2.2295093914054975,2.626979865507888,,1,1
2.630339533957924,3.0744588366107717,0.24409990525792422,1,1,
1.3881774988032385,2.7427551459211457,2.781466042319809,,1,1
1.5076796594324806,2.934155968739082,2.719819535235982,1,1,1
2.4748240159518913,0.49238892574274407,5.60884112263422,1,,1
1.3549058179696778,2.72461334942839,0.023069137243914427,,1,
0.30461885587869597,1.3287035770945221,6.8924679062981555,,,1
0.5947975847914205,0.6477823213598417,3.1711200271486706,,,1
1.9390143211473174,3.1382245925941903,2.1080193119437243,1,1,1
0.6262446995652218,2.1341442967726376,5.444849574998563,,1,1
0.9530544447640165,1.893683135114001,1.816720385408141,,1,1
1.9307966361310576,2.0772095180228125,0.8401973820491972,1,1,
2.4764174565906147,1.5618383576460728,0.3644070707688904,1,1,
1.6244143819712944,1.1358138342289958,0.7242104657802612,1,,
0.20212808704560986,1.3781104103889368,5.357501448993269,,,1
0.47271355098436696,3.225287535618573,4.1410634757524365,,1,1
2.18036482748408,0.11375412710521537,1.8041654538873904,1,,1
1.461981150803503,1.327203382483084,4.944647130924245,,,1
0.894093885161457,2.1522143422793043,5.948816190931162,,1,1
0.7313503082548989,1.1506967612159609,5.53177866731042,,,1
0.17562050090850284,2.5825093443047282,0.9679110944205813,,1,
0.33550576358086787,1.4588022461612435,5.680657429561145,,,1
1.0555386999008225,0.9413874757848935,5.745699343417691,,,1
1.6726862064048285,0.5693593483508812,1.60480729181299,1,,1
0.8143303813687591,2.125538722618862,0.1632575075837355,,1,
1.0101558574292002,2.7148095183553633,4.102429000249968,,1,1
0.08693752312381098,0.9360240295732106,3.0556811694572645,,,1
2.6499986260302006,1.2377055248698081,4.603950196440776,1,,1
1.6374585190317168,0.36567540598298215,6.728339285526928,1,,1
2.3742927484761953,1.5597781609570265,6.818247421377021,1,1,1
2.678895610900121,0.505581491131412,0.9741282803747053,1,,
2.335262803723022,1.4124879386912896,1.97966024753258,1,,1
2.1443695158501352,2.1367196600716403,2.522448810934444,1,1,1
0.3078520597259843,1.579786090210112,0.6577337245225036,,1,
0.8949595071573406,0.20398070517844286,2.778254427097642,,,1
1.0258145713958609,1.5054091809952554,1.9808921256771208,,1,1
0.027412459260963088,0.36637988022944246,4.366371023711542,,,1
0.7775612838035402,3.157084341823135,1.3235252155633306,,1,
2.266607816867354,1.1233743178939393,5.24213385077649,1,,1
2.492021477611835,0.5011202676934572,3.0065238139922514,1,,1
0.12763732645870163,2.4402255362652836,1.546749575267567,,1,1
1.484561895758065,1.1386489959049333,2.77165887344465,,,1
0.8091437649291726,2.1138644649249065,5.513723042823278,,1,1
2.3137761637255108,2.613009590545525,6.948536081709735,1,1,1
0.06376890542955863,2.7900642641689086,4.321178528991512,,1,1
2.6190222818671267,0.5204345453402807,0.1349032625145055,1,,
2.6766982162386945,0.5896734488725881,6.877131141619543,1,,1
2.6798345490596094,2.4016210451797733,1.0772114058017601,1,1,
0.9233618524572159,1.2182277868946234,3.0424354296535623,,,1
0.7139602862806746,0.6554955964700765,6.665305312176716,,,1
2.5143238508641113,2.400393525407428,1.807209920869362,1,1,1
2.261899476297092,2.3433060155247842,3.9073178810408544,1,1,1
0.7590164210963194,0.8317609184250778,5.6068639900995,,,1
0.3406831149661257,1.875847391348412,2.6446069920878057,,1,1
1.8910111942294798,1.0890501304320344,6.161154401723896,1,,1
2.497770968781515,1.931203668159869,4.282500209279864,1,1,1
1.516597906802654,0.2906140535591749,2.387270696029775,1,,1
1.7118957022689825,0.29542763362135394,1.7723280763368259,1,,1
2.5977007842796116,0.41823635294306094,6.8033768325905175,1,,1
1.1333616417267547,0.5728415357081899,3.113689213144079,,,1
2.0422552581981552,1.513158977720636,0.21442188724751235,1,1,
1.1691302083446184,2.4451359227048335,4.122571061335313,,1,1
2.658354080479382,2.63332061001966,0.26738789276080055,1,1,
2.4657912031021754,0.9807660738818631,0.4919914228387229,1,,
0.5087873989116036,2.384261904644652,2.9643272593950636,,1,1
0.1723378983786524,2.7507106300399946,3.4202239888666526,,1,1
0.8566780418754701,0.46611966765377294,5.12893508572901,,,1
0.011090088265008614,1.7140834240438565,6.925854813290787,,1,1
0.621659022379341,2.787983892967937,1.8529839560488408,,1,1
1.7491205942754506,0.6315093687122709,5.606013623770091,1,,1
1.0537761115912907,3.0314014240380103,5.364239807770525,,1,1
0.2775639384860381,0.14125654660065748,3.5756040379897747,,,1
1.6399603723475529,0.3021676242888642,4.2506420229009585,1,,1
2.361374508725228,2.721976342101277,2.4304603847686947,1,1,1
0.641055477898974,1.184576109647335,1.8379478250390435,,,1
2.064965207734122,2.9531638414540953,2.7786015824293187,1,1,1
1.594887656968633,2.4700544366354764,6.742601936597864,1,1,1
0.8489641781877567,0.45405901081179273,5.264497318519484,,,1
1.2584007272781466,1.597003731458944,6.079092993555592,,1,1
0.9919385488421991,2.3771180569895636,4.165433981679094,,1,1
2.132987921115543,2.615722178728043,3.8744890717358,1,1,1
1.4698594147884914,1.062486081341529,2.5889756962479056,,,1
0.690961595867716,2.6101829572796023,5.273699456271145,,1,1
1.5193513515201158,1.9904394095062863,1.9106462778070008,1,1,1
0.25194744892937476,2.2530453188979043,1.4339701666167806,,1,
0.24607173764750226,1.5601791438917447,3.8871880269323205,,1,1
2.0368493296449595,2.132786016073634,2.572578482345099,1,1,1
1.9866235831762014,2.5737681590873875,2.133804930817408,1,1,1
0.5292586666075929,0.8004556415505433,5.977093997744976,,,1
2.2709918961548485,1.1177042187248953,6.44092172690555,1,,1
1.656629255476217,1.50791589363557,1.5688663841589976,1,1,1
2.685340850799837,0.11668801888091848,6.6751146504590455,1,,1
2.3549657829989963,2.645382056953461,6.434179249182194,1,1,1
2.347850527297727,2.8384240319379934,1.77990076907223,1,1,1
1.1160078656078245,0.8066449880157827,3.960388993439667,,,1
1.8651008580098467,0.34619467689014055,3.9816180620233057,1,,1
1.9005062130251176,0.5843382324398392,7.031008028288922,1,,1
2.0150988345177234,0.330334717451517,1.9172450568630603,1,,1
2.162974886576146,3.2272278344116883,3.217027523111482,1,1,1
2.1261163565463606,0.624279339926261,2.1424363907060475,1,,1
0.9588860118965068,2.7549095767749194,7.006266104020411,,1,1
0.5410898235470989,0.3068040706059998,4.854597163777428,,,1
1.8836310265733274,1.8291687931287184,0.27794217721026665,1,1,
2.260299471623554,0.19747033348612236,1.0361290837485053,1,,
0.2355534717136095,0.3284767360317104,0.8969072854983935,,,
0.5430598617121081,1.309196993175642,6.174202374008952,,,1
2.198245914770599,0.6197869676022563,3.770490453222152,1,,1
1.2816881708014376,0.6386820612696384,2.508487220581969,,,1
1.6439812209222822,1.9241185994950456,6.035672594588894,1,1,1
1.2352917555186465,1.9736273901800798,7.294978801036665,,1,1
0.8582257108355116,2.6448383328305227,2.017176707914131,,1,1
2.2835873422861033,1.3459738687101719,3.452465202661349,1,,1
1.9385455164509875,0.8525350111183663,5.0373912341310305,1,,1
1.1699092851282176,0.9003809987626842,0.14198985205632925,,,
0.8446430828008764,1.259863830741567,3.367700311669532,,,1
1.6356297447294426,0.13755675042523494,6.617966714976275,1,,1
0.7394028137955241,2.182497986346359,0.8552069501614702,,1,
0.9195400378329467,2.463899289604972,1.5896719785061932,,1,1
0.5153243945397351,2.333534063765181,5.765647493301492,,1,1
2.584578728389928,1.0413008503390613,5.119509570331396,1,,1
1.2605361211155184,3.0923038909138305,0.19140279247176037,,1,
1.651602726847507,2.6115121928196157,5.833316836840325,1,1,1
0.6073666740963987,2.9136791450726487,0.08711491912815442,,1,
0.3336695896130396,0.006133901021528798,4.207239046752065,,,1
2.015112246341684,0.5138003492698192,3.4485563549407,1,,1
1.535129625658771,1.7704299220064046,3.0436990763340135,1,1,1
0.5020150454937752,0.02780632936240992,0.9492026851929093,,,
1.9745458606953872,2.3890216224297034,1.292005788306752,1,1,
1.1697162591867383,0.6845962540631134,2.755265088268345,,,1
1.17928079365939,2.064655091339373,5.713168120562343,,1,1
1.8250188963933087,2.887292393465704,6.247672719039777,1,1,1
1.09255869981123,3.0430122836434887,5.392066687353077,,1,1
0.6969280385937551,2.906660035428986,7.036257784467418,,1,1
0.4492809902332831,0.14178711638379435,6.59088529520827,,,1
1.161814858908104,1.4187471219274155,5.809302215984768,,,1
1.5865456738903996,2.8277983652195524,4.867867060676158,1,1,1
2.1468279371028443,0.09309628019118044,3.349653461955611,1,,1
1.6801545780701108,0.371706792932755,5.650735042763073,1,,1
2.302655755680418,0.7567828441804667,3.760607386794032,1,,1
0.7573102974355393,2.831335011558173,3.1516740873729985,,1,1
2.173427170466049,1.1904265869735862,0.09837182085673292,1,,
2.500816256099566,2.529703332185736,5.400320605931163,1,1,1
1.362824387501623,1.7867702965680936,5.043603428817474,,1,1
0.765621444921552,0.01910089131500333,0.43941573582126675,,,
2.5876161840797187,2.2328851795785876,3.3904545086148388,1,1,1
0.4583621548320678,1.4194497713521639,5.048365787095799,,,1
2.3686138196137536,2.81295703315969,5.7724200645804356,1,1,1
1.8250784811392422,0.7220851401466601,3.555980031916181,1,,1
1.4540504735887605,0.3972597301189142,7.25723151752414,,,1
0.28721443356021276,1.3530417683191636,3.5019457686560904,,,1
2.6766366068422065,2.6686626854016717,3.316587995004098,1,1,1
0.9715497498203322,0.6556276540133041,6.761651863968998,,,1
1.1475720934355556,2.416368104613305,0.7390759996402472,,1,
1.6018071439904613,0.6755938207390446,2.502910554216279,1,,1
1.9433742244754113,2.5337433236347917,2.5354210469385197,1,1,1
0.18820230312223557,0.5123475613945536,7.1884560384550635,,,1
2.5819761499779688,1.558832351151933,1.457176405820473,1,1,
1.311854777496049,0.8185044346181971,1.8621466236680557,,,1
2.2696846848276695,0.36635899595621824,3.4036754014447452,1,,1
0.2509223348172654,2.287566439595237,6.284201301714168,,1,1
1.1847005633846068,0.23429576959612314,4.861752539104393,,,1
0.442788699362373,0.7226981430586129,0.6142828994769791,,,
0.6760458163372812,3.275798643553722,2.917455869765385,,1,1
2.2067692794786886,1.39339770895538,1.8155076192720803,1,,1
2.510213641170148,1.349262688144381,0.3527688717812835,1,,
0.5689022607497561,1.8326451080498223,3.187500193906433,,1,1
1.7289782140332957,3.1420662686027026,3.959736712896419,1,1,1
2.518894090867412,2.361865848354732,2.2066308919071114,1,1,1
1.574847249653708,1.7549670327784992,3.098603136792306,1,1,1
1.884282096704946,0.3536822476191391,3.9121856876572036,1,,1
2.0828251503091706,3.185989553284792,6.133175405646882,1,1,1
2.654475076659188,1.8317371831032467,1.3502690231280012,1,1,
0.10711707433544801,1.6691606397794203,6.133927055548396,,1,1
2.5644677917038377,0.9486420703264158,4.444343950599334,1,,1
2.187112256264132,1.4115032331205128,0.2778219610768668,1,,
1.1071341040938867,0.06930745415045012,0.6866829561005687,,,
0.769345324582249,3.277630102288137,0.5412171159328395,,1,
1.456920629604324,2.0009661845328517,0.703911103448405,,1,
2.2977472292295262,2.642628809056143,4.056504007479646,1,1,1
0.7097399196794698,1.6917445451418751,5.395871416928984,,1,1
1.2989094028115236,2.1113677853864594,6.0930951299819425,,1,1
2.221998657875083,0.8585347923908072,4.419591470170549,1,,1
1.8738302765334656,0.9849472453198804,3.3477521306720774,1,,1
1.7451720751490742,1.1771456492031498,4.728052947057633,1,,1
1.7985467423558372,1.3979782731724337,6.966245643527661,1,,1
1.302066302246773,0.70291843422753,6.7375337863785525,,,1
1.625511276642743,1.6172757619953482,6.692213311403698,1,1,1
1.313128976835711,2.3688617397909066,1.2680627856824715,,1,
1.365228007283958,3.280788898234903,1.8405675332488929,,1,1
2.243892792960444,1.251020357282807,6.675908981129539,1,,1
1.5933088996477112,1.1112051036145083,3.3839396662465098,1,,1
2.2987068939553628,0.3720249993098921,1.048856624372065,1,,
0.19088158596972976,2.666855610712564,4.1883684102537755,,1,1
0.1168147591259417,1.3516169663754654,3.919674185420856,,,1
2.551194110121865,2.2292234848665466,6.732782202093596,1,1,1
2.158248440738737,1.9459076375951756,4.761063039279918,1,1,1
2.1222170757678005,0.5810209516819694,6.014536774216483,1,,1
2.070768950747171,1.9873528810648877,7.007257489353865,1,1,1
2.3244603552404035,0.9485851858889387,2.606302112215637,1,,1
1.408148192706511,1.4056890026331756,2.3559279290434003,,,1
2.6110401850253804,3.2923781071448035,0.35242638258022135,1,1,
1.175794571787996,1.4124589620510604,3.585601609754732,,,1
0.8612602940428546,0.40834231464208337,4.8737715364084,,,1
1.5528830234652793,2.9269377513576518,2.0764076069792043,1,1,1
0.5932727849620125,1.7339922485298598,2.554840409320715,,1,1
2.348818956505822,1.0928348110984196,6.253420788055099,1,,1
1.9197651119622086,1.020532947873471,5.103238005422701,1,,1
1.9098385842292733,2.462057379543433,5.946542512768368,1,1,1
0.3057705474106735,2.3516002902117563,5.955346616302763,,1,1
0.8893540922098904,1.9292069627923705,0.2785265907316529,,1,
1.4530509377842709,0.3596383805338465,5.697195294397148,,,1
0.6532395443877997,1.4206429047108222,1.1017181343741744,,,
2.6612454185440844,3.1736841731150465,4.039572135989804,1,1,1
1.3313616868446452,2.3628828297425892,3.8724266634308653,,1,1
2.117791399402179,1.9315494139159082,6.321230157094555,1,1,1
1.093108198468409,3.1876129751477023,0.2748201900753403,,1,
1.1472711225626144,2.7352413445756505,3.5504487366434545,,1,1
1.6874491308605601,1.962062424433574,2.2508931936083973,1,1,1
1.287759061903647,1.4398123696052403,3.0086022487705733,,,1
0.696294315110626,3.09244161034574,6.244503074647798,,1,1
1.2309594866882414,0.5011950683538029,2.1101302889337115,,,1
2.031827111321108,2.6438647988036226,0.39232288914508456,1,1,
2.5516981868338777,1.7048122230324014,3.599836391146799,1,1,1
1.7141492248133012,0.22464360824122254,1.6988669172110489,1,,1
2.2084550704485064,1.5751793324491774,6.811309303847026,1,1,1
1.7804100501427047,1.8873954472885681,1.395803827200071,1,1,
1.517069986340135,2.3031971019917195,5.776737477519402,1,1,1
1.8435289059592885,3.1021978497875344,0.3043052236904294,1,1,
0.9820436390678012,3.036959899787659,2.6226688433097296,,1,1
0.332855445935356,2.872941135862175,2.0800975837765465,,1,1
0.8851805607463223,1.7224582129285673,1.9068690994728987,,1,1
0.001604639857835033,2.0595322662228708,2.0735141981301197,,1,1
1.620994833545733,1.6439916603520661,4.236458225001472,1,1,1
2.3342959652802264,0.629053291099914,4.50570728504369,1,,1
0.04604469422769032,0.2793947317264943,1.4364520422983378,,,
0.9557631578916163,0.9369928547147729,5.551710036685009,,,1
0.42688646143835224,1.194160000605567,6.960597387098506,,,1
0.72582943729249,1.5604788532816134,1.7563688923952396,,1,1
1.8759138337486718,3.183411960478737,4.173806778994076,1,1,1
1.7829971736996086,2.2863858387745575,3.5231053961118244,1,1,1
2.4951714646785392,2.013872316729506,7.276170473711486,1,1,1
1.9590033233015773,1.5534503715197712,2.78531398082392,1,1,1
0.8460905683276688,0.2457638518447655,2.0527542678391333,,,1
0.5058332036908172,0.7496394508244925,3.7742254787904486,,,1
1.6561620247689874,2.898475185904494,4.072551972750099,1,1,1
2.369705484830276,2.431765518433849,6.497249273281992,1,1,1
2.517714184657907,3.2466765053539435,6.941530023487518,1,1,1
0.1345518403504741,0.8041191461114061,3.3666651695107968,,,1
2.225497770718161,1.5899692435539947,5.162581335926494,1,1,1
0.842030777363961,2.360528803933267,1.0703986021931196,,1,
1.3797131589780656,0.9858065388848319,0.6569757252910121,,,
1.2528757614514028,0.7082429769341643,0.9132751006896822,,,
0.4339345685768326,1.5891913861353306,1.6064647809641885,,1,1
0.4830439608918601,3.081514322417369,5.246182209617818,,1,1
2.3998872242562634,0.8690067524367399,3.3069325540193173,1,,1
2.1672867070514537,0.21735822101827737,5.810815792896728,1,,1
1.4072861068750535,2.2614757231341116,2.7053268736348373,,1,1
1.353260989702379,1.7825621621252399,3.084073372206278,,1,1
2.459914780377066,3.175394024262507,1.0225514928606882,1,1,
1.9689383076753604,1.0063982670186293,7.2801674433339025,1,,1
0.39557028076118483,1.9514485634518615,5.025064409728519,,1,1
1.5545065642454219,2.1995214046689293,4.894658004191146,1,1,1
1.4309086873610675,2.6285795373340073,1.0376494233418252,,1,
1.332537676913183,1.7375633893663542,0.0852437136990331,,1,
0.6360684805323279,2.098381191134874,1.6227126871630162,,1,1
1.655216707976888,0.967339348322132,3.72179931907333,1,,1
1.956244001976396,0.30380373114179704,3.2207120200325443,1,,1
1.766344429546306,0.10690070789965611,1.9980731820899469,1,,1
0.8144079400382205,0.33304929876845607,0.19925631448633066,,,
1.0159682720634904,0.9422791162391697,1.209401255818708,,,
2.590205455584679,2.8271004013386145,2.598142526493834,1,1,1
0.06572919970734581,2.5882830981737723,0.7739310570425997,,1,
2.3989986861586767,0.7805683059267456,2.2290400253422864,1,,1
1.933605256256908,0.9859980558845284,2.7537774943729185,1,,1
2.448731214902595,1.8902156717531495,5.883870490179235,1,1,1
0.7740117171365456,3.1072705292173426,1.0986120149048786,,1,
0.8694773393919095,1.1502355767889192,5.217085412451694,,,1
0.4839440578639441,1.7608894152391372,2.703633535277424,,1,1
0.277910693811236,2.4789079791550357,3.380887887833923,,1,1
2.417920138805424,1.8831991737776455,4.17973186276476,1,1,1
0.9855279908346104,1.329697599035063,5.585731591652568,,,1
2.5227048336749527,2.1263827690080994,0.3329735809684143,1,1,
1.504677693341543,2.567810067482081,0.0374929060502565,1,1,
2.078557877034471,3.094767351119421,5.055138499046781,1,1,1
1.5086739928390789,1.5405861201073772,4.363193413824805,1,1,1
2.4666667546813366,2.330284421749756,1.203009457082423,1,1,
1.4791661699215866,3.289656331561841,2.710480039246021,,1,1
0.840065604308326,0.9759187213901975,1.0242158564888593,,,
1.7504864363031098,1.936312443072238,6.409493257018601,1,1,1
2.6731342292946976,1.8039014219466663,1.333677549536013,1,1,
2.433158704416808,2.229407577321667,5.618620187652789,1,1,1
2.0596373657956186,1.6595124725365247,6.3630630919703055,1,1,1
0.10899212544288749,1.6725841459909034,3.941001293512012,,1,1
0.6447774746158923,1.47422374640427,0.5645925234624944,,,
1.1012295350438792,2.908379717438691,4.919095517839782,,1,1
1.1207674804641952,0.9324984424143206,3.56755451584891,,,1
0.6502504326337076,2.3657087985690883,7.015736524065019,,1,1
0.06113101817823592,0.35718059738131086,2.214317147648247,,,1
0.5615651121972703,0.14235117958026625,0.7060665340182082,,,
1.1002982149947829,0.9739955176454241,5.71648856263661,,,1
2.6863850282871202,2.673815647487349,0.9429677389103057,1,1,
0.46130809673006884,1.5529238694063987,0.9098937979227617,,1,
2.106124236283744,0.08241929475674295,4.3400362355382756,1,,1
0.9048945150565725,0.4523117959902076,3.9886572112947407,,,1
2.5414608872935385,1.8784374222854232,1.7563742230999937,1,1,1
2.095258532209359,1.000176638839568,4.836335357819022,1,,1
1.1204473882753228,2.6515653206516103,1.339951740349843,,1,
2.409206579635269,2.814587482789382,3.061329076901984,1,1,1
0.060110405890982536,0.7732707432683044,5.7679893424414415,,,1
2.180248403678085,0.7973607828930165,2.745547141541419,1,,1
0.7948798692336145,0.7740079854036541,4.429857090475759,,,1
2.221559800427788,0.07605377122829256,5.521959599118598,1,,1
0.6634978567025498,0.3918386106966862,0.19752761593285387,,,
1.822732082475677,1.4847691189751933,5.32240877040059,1,,1
0.5675108880098255,2.9629992304025885,2.7993457720282815,,1,1
2.51506184904229,0.6429073889388698,5.876015219407306,1,,1
1.1907792616584933,2.5112700095740297,6.249710324895479,,1,1
1.4346381989232817,3.122515557671405,6.568946128990858,,1,1
0.8722817264157633,2.8311441734890845,1.6738004523861467,,1,1
0.5090374973362153,3.041599367038048,0.6646444834221159,,1,
1.9294237627572872,2.730606629356055,2.61743759080335,1,1,1
1.0996194172850333,1.5602590847038558,0.7021387411330133,,1,
1.2058965564754824,3.1479887305201206,1.8769153845156579,,1,1
0.7183301734585644,1.9422147172696713,4.31419110419391,,1,1
2.437542005615483,0.2955697298982003,3.6714987291084853,1,,1
1.8840423732749043,2.4692836179336366,1.4132863662311972,1,1,
2.685499477948406,0.5635158147200834,3.199132302046449,1,,1
2.057485610034716,1.4090473328410815,2.28196395386947,1,,1
0.026602391883479782,1.7355983785631799,1.888136651454362,,1,1
1.130419737369576,2.9884437284495906,5.0059105644408355,,1,1
0.5069321407038504,0.49882307237599516,2.329036913166535,,,1
0.9351661668762129,1.2417584236724502,5.484612305327853,,,1
1.6967376852494405,2.5879145484636474,3.312069574499688,1,1,1
1.216768012257052,0.8799711944332786,6.218030163812082,,,1
0.26385180829073607,1.1611124287816683,4.847647139061669,,,1
1.317608560152882,1.650298835635932,4.360298223160633,,1,1
1.1179814479492294,2.1910396460794725,2.0534652637343362,,1,1
0.43738241965851343,1.510785395777349,0.15681172305407742,,1,
1.3828602956772225,0.15913032713763534,1.1043077167605597,,,
2.6805604680018424,2.2246377657888528,7.1862954797479475,1,1,1
2.295620091775316,1.4746393109821136,4.572023476614637,1,,1
1.4994531245340625,1.546209149243004,4.441532157628141,,1,1
2.3810663558693492,1.2363564112784453,4.544870648039257,1,,1
2.1438903157546063,2.3878992449110474,7.082276187576749,1,1,1
0.4547547286384328,2.5576743312944012,3.2642367860776957,,1,1
1.6805480765584777,1.2299111635572284,6.126076889738285,1,,1
0.5836494857885305,1.0413860490875986,6.480171629464541,,,1
0.27838574616799583,2.029874421619385,4.565457991864674,,1,1
1.6216322761671997,0.8153721117547227,0.5921050356326878,1,,
0.8902452139816703,1.5510479038112046,1.2704118372267221,,1,
1.387153093186054,0.12621267497814265,2.804543681879657,,,1
1.1280178945194606,2.2411872588405246,6.501928360201448,,1,1
2.680542995658444,1.1535728687767335,4.567495342881694,1,,1
0.5548791554549912,2.8404649106207747,1.1777756151432055,,1,
1.7589172963168205,3.1705839923925514,5.836752081973823,1,1,1
1.714428564665413,1.1105390598971359,1.8396171369139853,1,,1
1.4244696695745167,2.9047271736331273,4.4972932186138905,,1,1
0.2696923798749553,0.449988322982295,3.495661083281184,,,1
1.5972723705301373,0.542396454081881,2.7861565349795034,1,,1
1.1388778223469815,3.1787105347977844,5.4929349766429,,1,1
0.6762844842529449,0.18603548534400854,7.119933709328539,,,1
2.2425269371179475,0.4308729525085815,6.975034588555035,1,,1
0.18917607678709192,3.2841075945205263,6.691145183848898,,1,1
0.5376352697383815,1.3065858886954567,4.427036804080927,,,1
1.348291963022492,2.706541562609377,6.469340744178928,,1,1
2.653908809074176,1.889536947054,6.69834254519793,1,1,1
2.196801937221063,1.7548111944059668,1.7628092433469482,1,1,1
0.9987150971625592,0.8662920553411495,5.3683586458046815,,,1
1.8122241728008048,2.9625787214172155,0.6465329043436434,1,1,
0.7777556328802525,1.8756611111311197,2.758538638303019,,1,1
2.422470653739919,1.703284894166783,4.159201128992599,1,1,1
0.2368256722805151,0.21430214730131222,3.9339789320663563,,,1
0.53788062260243,0.2918155417952306,4.2373596212134546,,,1
1.8187090978797948,0.32993954415806004,3.2370861063519762,1,,1
2.632220951833491,2.7974899843936534,6.5534031609588625,1,1,1
0.8063700577587234,1.37444110134756,2.317182511920336,,,1
1.9089090316758597,1.336176184240386,3.3356830226229395,1,,1
2.188215913314295,0.994448090431404,3.9637195940118506,1,,1
0.09282006260188305,0.6025414174548516,2.5665262978524592,,,1
1.8286382604580782,1.4075832205976178,2.858681543375802,1,,1
1.077942759793246,0.10180700428439489,6.154846670775302,,,1
0.27548526500850806,2.42588493359615,2.856248134337864,,1,1
1.2545723143885645,0.7427572473572563,5.407885635568414,,,1
1.4817541528612177,0.4823847623539434,3.734792580086969,,,1
0.8385425932113888,0.546886425543318,6.452026216948685,,,1
2.6762394610854066,0.8119284420376304,2.9198846409911905,1,,1
0.7589744595388873,1.2096563673915026,0.9811346402356815,,,
2.3434294991699143,0.48760816396749335,4.641570757103344,1,,1
2.2948980253926785,1.677511926455774,0.026442354183108807,1,1,
2.3971312122611623,0.7429181303218345,7.205389115579857,1,,1
1.9478355073014608,0.7382162572120526,2.284593397875943,1,,1
2.04453732920116,1.4929484240501716,4.74422579540426,1,,1
2.6656933992771914,0.8435157422061275,7.181544505262547,1,,1
2.241323364131816,2.585650560520787,0.4984182732600897,1,1,
1.7271968701993963,0.7644233481872288,7.2574620907934735,1,,1
0.888478174305259,1.1640734460222846,1.4143395779403618,,,
0.7618828321897149,1.448057548998224,1.2130872398821064,,,
0.4847028342547831,1.0855036802244686,0.5828827010686403,,,
0.5495770763203501,1.170711208743103,3.252767644164377,,,1
1.5597314280694152,0.9130525926870751,1.0543859261471618,1,,
2.228158248447781,2.0299765795170854,0.8120487205959132,1,1,
1.5052564585303176,1.6823762011450603,2.7570400147509457,1,1,1
0.9335367147658357,2.7672459814096144,2.847846218901043,,1,1
2.340428186757024,0.768974601943349,1.6787296286553022,1,,1
1.0150100463185348,0.22060960937557234,0.6192423671905588,,,
2.032254046187175,0.16402293849007576,2.058079082065182,1,,1
0.3309107546837126,1.0845925959501037,3.708909122465138,,,1
1.5416861356554241,1.8721158968091274,2.1149889278988065,1,1,1
1.60093153241076,1.7702427214779346,2.859161277168348,1,1,1
2.595619312279578,1.3982990501629067,4.329441452295597,1,,1
0.16727709185935677,1.6084592260721482,4.646960462981348,,1,1
1.8263599577316185,1.246870603014464,7.180611423067013,1,,1
1.8190351750663059,2.8155413608358844,5.108582393942861,1,1,1
0.7024715278646328,0.05409315639051416,6.114728205738397,,,1
2.3223955656355506,3.25648605755638,3.3948268779766977,1,1,1
0.4276828815194797,1.9999930285481844,6.227307194172448,,1,1
0.2799333004514136,3.031296815338933,1.4363092236845167,,1,
0.6876668364467913,2.2516605859435765,5.3535809147225955,,1,1
2.6580789467088866,1.639173327241645,6.135005862986489,1,1,1
2.5667012737464923,1.1213292405573487,1.654945745820816,1,,1
2.6635808279615683,2.3072194508947446,5.718216358044418,1,1,1
0.6666407129974907,0.46501256451359496,1.8149470312883453,,,1
2.5616111777140227,0.8235067304156558,1.735565402641114,1,,1
1.58301255374027,0.32392651699262054,6.276715074343235,1,,1
1.039632307578466,1.4530474661000858,2.913322616040571,,,1
0.22047936354506142,1.5352557240888276,6.6196446964810045,,1,1
1.6609697295728105,1.9719365221998235,0.8507955514815513,1,1,
1.8953804887939731,1.8682120087415932,2.3846461846437674,1,1,1
1.8410660645925565,0.31999257455109115,6.35356297713705,1,,1
2.4393159286204678,2.465507915394704,3.416762580953913,1,1,1
1.3449182967508262,2.87607492282716,1.2375597543921169,,1,
0.22071050583451177,1.4137145072461945,7.0117756771639925,,,1
1.7354895971051214,0.06420649195995333,6.590240699212242,1,,1
1.134676037951731,1.7417765003199943,6.557913624673234,,1,1
2.4763049420533756,0.8920155907521217,3.8772532946063065,1,,1
2.663896272335768,1.6651514556528202,5.677663720397934,1,1,1
0.6963245727546941,0.23609059642911726,2.942493217778634,,,1
0.09862118840516798,1.7174664890375149,4.210880877372198,,1,1
0.4538318903274926,1.256793073277676,2.1183673787333666,,,1
0.08287356983509248,3.069367401512993,6.704576712353177,,1,1
2.576330391266226,0.5039388451081974,6.0198848755149,1,,1
1.5629006011328979,1.4281119199735666,3.708450079337046,1,,1
1.7215823590818047,1.1956575541443784,4.429723595680459,1,,1
0.0640784955129464,3.16066969724066,3.6268026541997194,,1,1
0.6997699843214803,3.2052942674518583,5.827377868694147,,1,1
2.5429192697132486,0.6707284924533691,4.604546570693954,1,,1
0.9198646063294167,1.4736324749359069,0.9672754067978863,,,
2.068663680462815,1.410638702399627,3.41289008989744,1,,1
0.22686222153576027,1.4385129694690302,2.0371909579981553,,,1
0.440800112989857,1.683306325912157,6.3217212263172105,,1,1
1.1274104411461874,0.01059911237328117,4.8976590996404195,,,1
1.6272667639050138,0.8978372008270838,1.5281313160078969,1,,1
2.2633010840646377,3.175502256016712,6.600010099225643,1,1,1
1.7368816617301677,0.6122319551458975,6.138438327719923,1,,1
1.2561700933342708,0.8966726357054128,5.828370160378847,,,1
2.191206432593967,1.9718518131130371,3.297103109681819,1,1,1
2.650119756546849,2.33879665365368,1.843675345965965,1,1,1
1.3119471927242274,1.2855120484198073,6.846575340117356,,,1
0.11181618770174177,0.7397556618561404,4.308691303375313,,,1
0.9743239690430247,0.5441741325666963,4.942875410109604,,,1
0.0770750041228632,1.6621233036682797,4.352240919963502,,1,1
2.3086560013472655,3.2823052280982106,3.459310497944246,1,1,1
0.4927770338442566,0.14699416587271474,5.1616819056090595,,,1
2.244642987565639,2.6063825742071463,2.33643665136853,1,1,1
1.9036441740337104,1.7910290404424647,5.482912872416997,1,1,1
2.661055532441844,1.4188039348509376,3.9369848549175446,1,,1
1.3011180876815929,0.5112381985446514,1.6817640793325477,,,1
1.431272757296655,1.2607462714393467,1.7047888499038528,,,1
1.611836851636179,0.8265242060781557,7.113824704001516,1,,1
2.577359348491202,1.014880809128815,2.2807022504867676,1,,1
0.7563784613559809,0.7064063188494744,2.3062564654140827,,,1
1.0373305049809065,3.138094856309017,0.9751687903391466,,1,
1.084275373683732,2.5064134234500246,2.381806103936366,,1,1
0.9733025294972829,3.0964859603541783,1.6886221095562723,,1,1
0.12987343839483825,0.8981530377561912,0.20218949237046238,,,
0.6567192211636087,0.21413797157221204,6.80998055655075,,,1
1.408464599435267,1.9812887656411877,6.63878629600706,,1,1
1.8376762113885505,0.8763562224138014,4.355477172847412,1,,1
1.5826581830585673,1.477261077832473,2.0759493984480644,1,,1
0.30359200007332526,2.0771908865948214,2.000581095974244,,1,1
1.0017683713589371,2.121499772434475,2.8309617450838602,,1,1
0.20840366871589575,2.8143628929120346,5.345777407723811,,1,1
2.343621749008946,0.24117533830279037,4.628266714313665,1,,1
1.3166329336943816,1.1354087997280007,4.547500309528806,,,1
0.6414330650881278,0.8456462443003431,2.5553499141346263,,,1
1.3285878496585721,2.253395133056746,5.989808329184181,,1,1
2.4869111160489465,2.075842786281914,5.441217555883316,1,1,1
0.19734207094241113,2.353045837801048,0.9704603808240894,,1,
1.3673566319965127,1.6586326300506984,5.8704637473283725,,1,1
0.4819735798239762,1.8952562357622649,4.274198736908784,,1,1
1.3495434745637576,0.937069035915661,0.29346590301795733,,,
0.05938842380502755,1.762347117339703,1.884453508762756,,1,1
2.13695361404464,1.5472111432010864,1.8753129085742377,1,1,1
0.28283885449800367,0.26852717634265255,7.18395974257034,,,1
2.6269496753588624,3.0609418629618697,4.5201481841856275,1,1,1
0.6499592645422811,1.5982106780651226,4.2742982218047825,,1,1
1.6403100621278637,1.9083361134339825,3.9973178885540164,1,1,1
0.8805554352753554,3.262827579208805,0.0997019004104329,,1,
1.6552320290392233,2.614387792500727,4.742688515340958,1,1,1
1.571319205946409,2.887606670747029,3.4549831967397417,1,1,1
0.2838700318816948,2.952448299317811,3.375119565452436,,1,1
2.686383927377981,2.1656596106401698,6.393870238540932,1,1,1
2.1389875940472622,1.6800711164195892,5.936562907022556,1,1,1
1.9103939096781983,1.3617384764196923,1.9300502743416639,1,,1
0.31543483073247036,2.1483848770503995,2.500112940177347,,1,1
1.2921695146616072,2.44164994624004,1.3316352591413203,,1,
0.8505882198363844,0.23685474643339377,5.772613979169745,,,1
1.2246302225087142,0.6413194746445167,0.18816634394815038,,,
1.6940363593915742,1.9830650408744932,5.099030939703111,1,1,1
2.4543105387811273,0.991268267068219,4.276315099179725,1,,1
0.006046178138735703,1.2903292018173407,6.739476651577641,,,1
0.42026395076583734,0.513548893203211,3.943011416379448,,,1
0.30124123225757066,0.5813449366115775,1.971961353950624,,,1
1.454631018618998,2.7127899874879673,4.450805712802255,,1,1
0.6505022501937562,2.012174999247517,3.6651322532199737,,1,1
0.96863945132765,2.61196603099684,3.5847934258970953,,1,1
1.2353242651368816,1.305054149357898,1.4303509919614665,,,
1.8707635617412988,3.1399706579258124,4.5752983223282095,1,1,1
0.3692025441551463,0.7765776418419078,1.3276890904961018,,,
0.05078149893226215,0.37716460427257376,4.493074725731968,,,1
1.1199215719771987,2.328465614281775,2.5442532647385376,,1,1
1.3692533335402308,0.07782351754580125,6.233659290812768,,,1
2.0438946828026023,0.8549844695192435,2.49433026755104,1,,1
2.481089998887196,0.7206964796964678,0.9755599782399595,1,,
2.31101209342625,0.4552405605443169,2.9048701761708084,1,,1
1.8634755727156036,0.9033218432992863,0.26435822303535333,1,,
2.2200231144336366,1.9517506704593612,2.6661226232951325,1,1,1
2.481172353495532,2.666799331677307,2.618681097612854,1,1,1
2.3686193029326796,1.8290146350540133,6.144585117389816,1,1,1
2.465797127310264,2.6422516304278956,4.210676378355616,1,1,1
0.10330495341366633,1.2874285075422158,5.666494674819544,,,1
2.06896307584506,2.726193166835296,5.9123483407895385,1,1,1
0.6354290849943273,1.7674667452656867,5.346298739098097,,1,1
2.0636055311583696,1.5884229795044904,0.4386577866417141,1,1,
2.3210703295536566,3.09712315025908,5.510172417277942,1,1,1
2.603233879449641,0.56355715070937,0.627815722546411,1,,
0.5013292467641342,1.7860231163254972,1.4011900619415083,,1,
1.9051998577510054,0.10837302854434112,5.692228286857177,1,,1
1.0300907871786162,3.080843813012126,6.600865203100409,,1,1
2.5943089730977005,1.5736962798775203,6.0105216594461135,1,1,1
0.9962754248290201,0.1500795956400135,5.70849242027449,,,1
0.904723529650655,0.7573186427934105,0.8088313527977578,,,
0.3576292109383196,2.706797787804679,7.019893634335108,,1,1
1.6317134594693432,1.0190002867155719,3.7486062695883855,1,,1
0.717629337099042,0.21922631932170628,7.04015656556155,,,1
1.6882980342482816,1.6255609142955925,2.3371916690337144,1,1,1
1.6437431637238116,3.2843118690279844,3.1068337019088905,1,1,1
1.3623525389946554,0.018194872252825123,5.68212042079975,,,1
1.2359915643072312,0.36012958401713524,2.9296673575786425,,,1
1.8267673811023415,3.1555737882236263,3.9292077047509952,1,1,1
1.8390165056335264,1.0174799302183073,2.121985405157538,1,,1
2.6016095305280587,1.363607797997609,7.093271087184042,1,,1
0.318579365922338,1.6160191890268578,3.4917182153952,,1,1
1.3630398208353287,0.7975585263445227,7.1698455943758646,,,1
1.6050810228513162,2.606360051415469,3.2749235368785596,1,1,1
1.5543906824195668,2.93351242848574,4.723649095456544,1,1,1
0.7605155981385834,2.6305561813488514,6.362427847403018,,1,1
1.8067184063331352,0.9590486064635787,6.577659679301007,1,,1
1.2939578404981438,0.04000262863476268,5.0538189866096,,,1
2.3793203172562234,0.07404464213050627,6.706373768728385,1,,1
0.604388968772567,2.371671981344771,1.5968837861548961,,1,1
1.6125549396547587,0.6048597610996108,2.6822779812690607,1,,1
0.25316334649973815,2.101806345429755,1.4403949972553736,,1,
0.4719246153255413,2.477099523871076,3.3984891379312088,,1,1
0.37509697481274124,2.616213305336973,5.693601888038655,,1,1
1.4263815310639916,2.1654800233192413,2.4608651099261523,,1,1
1.4276007372433168,1.3277468400611758,3.537093561946284,,,1
1.0822127120547234,3.1448273120722243,6.3644298756625375,,1,1
0.826903611000562,2.0974393219097403,6.735889179152349,,1,1
0.9526777623421316,0.31068243010743873,5.41983995838825,,,1
0.7232855375937508,2.7157627314238724,1.9190809909516457,,1,1
0.791041999834962,0.5668688826150358,0.9133685615204123,,,
2.6915803935876714,0.5683368082418351,4.407888965645814,1,,1
1.5903245717603864,3.1798585057159316,3.683560151091216,1,1,1
1.0719018599222,0.10723719101494684,6.896646002112224,,,1
0.21554925483620718,2.91536783219371,5.22593090503994,,1,1
1.0022182597459626,2.211144785524055,3.1671505212821764,,1,1
2.6749600147711377,0.8116375316915213,1.3776128532386434,1,,
0.0046764152592973065,2.796824166913032,5.459809974782661,,1,1
0.6317405623582728,2.005495211498529,3.944791151697252,,1,1
0.7630718697051077,2.858479527179845,1.4405390059375072,,1,
0.2432924860188748,2.992989373300216,0.44913156076020305,,1,
1.1076907772722318,0.22927255161050852,7.237228979550742,,,1
0.7823788752065928,0.9363395247169998,4.720802675318571,,,1
2.6676100716906848,1.8383088499029674,5.250197052072372,1,1,1
0.9334078378629592,1.3208467425267703,1.162778273954902,,,
0.5119426782252466,3.099096017221333,1.2973518503291808,,1,
0.7149702990703589,2.8275348517622536,6.884717945441624,,1,1
1.5866349752377416,0.053884736993381144,3.933247273445404,1,,1
0.197088743454332,2.4240580933643185,3.546305652071585,,1,1
1.0159817138993994,3.081315678262482,6.526798413908295,,1,1
2.2522599810938146,2.3447205889728764,7.280481741628063,1,1,1
0.5686139180333832,0.8951967322863975,1.6413673183312378,,,1
0.35228146671902094,2.3974507475926905,2.859567023733,,1,1
0.2324548214673852,0.11740376139384431,4.941415375984382,,,1
0.9061717320670877,3.1043302657227745,6.759468268549123,,1,1
2.1802880046897344,0.5619412314250994,1.7994659637950943,1,,1
1.6546174530128004,0.9037135985992847,5.997395213485464,1,,1
2.07794575467213,2.8442117902143713,3.114165432897496,1,1,1
2.562463803736816,1.067417446181954,3.852846961801387,1,,1
0.18300050399570222,1.664747195907899,6.330090444217843,,1,1
2.351963654570751,1.3273798196937132,2.8167201979878898,1,,1
0.5756825004475877,0.8330154651340529,4.042208460588931,,,1
0.023538080279911146,0.3370955438119667,0.5899755138140719,,,
1.7821292533863407,0.6709612994767846,3.143162829976279,1,,1
0.4423266014215465,2.7072244513393904,5.831302406322022,,1,1
2.667179828215163,0.5603631816839738,3.556495967044611,1,,1
1.2036558065930463,2.2324314298742323,3.4394798398890614,,1,1
1.98924134012241,2.9011335107507255,3.97309208802615,1,1,1
1.7302450646874106,0.7666445639297983,5.026895811970895,1,,1
1.3674684550294232,0.14768194451619884,2.746720757132564,,,1
1.9140448949766284,3.227827678110204,5.0809171169425,1,1,1
0.5321600435247801,2.44201145514565,3.4454988882978435,,1,1
2.106450886520163,3.1225360502266923,4.9678489187382375,1,1,1
1.2000484254107369,0.4348903943825047,4.029277481957008,,,1
0.36916939790327546,1.9977673190951444,1.3978788117558583,,1,
0.9507752719090106,1.8769538699756634,0.1520682560320573,,1,
2.540461507564509,2.4801396507085056,4.752218715063346,1,1,1
1.1293690439054902,0.4407832855217648,5.674525116905103,,,1
2.415338848991026,0.7650061663695262,1.2265412604798316,1,,
0.7867231362640026,2.112135715563294,3.626092085500361,,1,1
1.1908671525838614,0.7739889722445146,1.3029069825765642,,,
2.015596986597352,1.2983264330181075,3.5433455713464435,1,,1
1.7366413763488964,1.099501916725481,5.7396253595031945,1,,1
2.074392632654133,1.701822738227939,5.236615924276352,1,1,1
1.5910910639297506,0.40103808715159156,6.327644340995435,1,,1
2.2679224427800855,1.2561922027991819,6.397832270747839,1,,1
2.018908472291292,0.5652844186808742,5.152834722397959,1,,1
1.3577112741103532,0.8227248840073179,7.15642823260278,,,1
1.4953312893774566,0.20983907347565328,0.814944839777848,,,
1.331833494026639,2.1613492118192825,3.6610790596763274,,1,1
1.2470769034146716,0.537506814780642,6.235638927295388,,,1
0.0862101202172402,2.4830174968718257,6.589676511999326,,1,1
1.1985638350477614,2.436752431791737,5.0021324891277485,,1,1
1.489028924090879,2.419099664311007,5.296153964393958,,1,1
2.6487377147466518,1.2691477027290212,4.616071368003957,1,,1
2.4451777048011376,3.082897144959217,4.670164056964776,1,1,1
0.16855118184864776,2.946858581355726,4.238464178439593,,1,1
0.6006970808345352,2.7895293572629662,4.157203276902129,,1,1
0.6237656851609048,0.1924027104739192,4.799938060303353,,,1
2.6972575698381305,0.10360242199509466,5.557633189020359,1,,1
1.8928428532396335,2.0143297353946084,7.241916664779193,1,1,1
0.24582405399023183,0.23668805943938664,0.9341344875653228,,,
0.26640563599237493,2.783530005971633,1.8854811043330955,,1,1
0.9160875231545283,0.05426025427473915,5.9273758171173645,,,1
2.4026657540023275,0.41213397720222567,6.187529364808558,1,,1
0.396325147260819,1.3741058423631367,0.19838716844833515,,,
2.1518468948654084,2.741831363214272,1.6227748364855272,1,1,1
2.261999246709575,0.33019014498436755,0.284323639730403,1,,
0.8555426546526863,2.338270514303797,2.545697476068936,,1,1
0.01745708391303018,0.579027455362244,0.5170115040633216,,,
1.0902712009544488,1.408761171169729,4.672475389981169,,,1
2.40119524751158,0.31021400520821796,1.1381853907063604,1,,
0.2223465657999348,1.2069005997809066,1.5523540521384183,,,1
2.5509425244951887,0.3646611237010065,4.364076025274934,1,,1
1.7699886319642921,2.464180551050418,2.2924190047552586,1,1,1
2.2486285448194936,0.512595163821437,5.999836804222149,1,,1
1.188544031986502,2.118716630270728,3.325747752046049,,1,1
0.9089216702052523,0.019888262180285443,6.550909519944345,,,1
0.3313830063027995,2.8528468629157397,3.005517003776701,,1,1
1.390685264324424,0.6538987294339121,5.848844575773175,,,1
2.1856397655445394,0.579042012597878,3.911225767052825,1,,1
1.0152940214124526,2.7479252268199326,5.2489132347375325,,1,1
1.5903654833415566,1.39225266552144,4.59994688903071,1,,1
0.9187343952097755,2.733693547285325,3.040713353611854,,1,1
0.5019945379213512,0.5866398724469422,2.8864403002308774,,,1
2.4324565497802766,1.628719428548885,3.631792942827127,1,1,1
0.07624413593562855,2.3424378898597062,6.237169403009541,,1,1
0.06676171897720579,0.5948932324358952,6.018159946092472,,,1
1.0356714138258165,2.758249211348207,1.867019810572134,,1,1
1.40731574556107,0.013484072567374349,4.982532370812175,,,1
0.569055277066843,1.1195573641183223,2.081649412257477,,,1
2.2505882721732395,0.8113699164488343,5.706120010738683,1,,1
1.485396103567073,0.11651317150486945,4.032770336453814,,,1
0.40912421725820813,1.1062423187577786,1.7296152268394385,,,1
2.3364564239306826,0.06469707461245224,1.3996189955505922,1,,
1.9588363101496047,0.2701122323841714,5.466484408160931,1,,1
1.371883275774481,1.7341053660839256,3.123779236822425,,1,1
0.9125347483077901,0.19027455388535613,3.8535991714474935,,,1
1.0708573543635689,0.7887575819443858,3.859320561800401,,,1
2.4556167132857323,3.2869861046901896,7.095817233909208,1,1,1
0.11366582942919277,2.4740851594721684,4.0827472134004665,,1,1
2.5179113570508513,3.2960287774952874,6.211630536742397,1,1,1
2.2499397412967412,0.7674413568521024,4.45064626449722,1,,1
0.43755998160122356,0.31460469999888335,7.00950957746298,,,1
1.0443321501882403,1.2210348574514198,4.616060511430038,,,1
1.9975134592211727,2.82507790941292,3.529236945997725,1,1,1
1.8403893726666576,3.1120805973674934,7.0067018618956105,1,1,1
0.5796911370439596,2.4225546652108934,3.719734655788426,,1,1
2.0052981018616047,1.8197175753151846,4.727580057725019,1,1,1
0.7482959494115297,2.0475687749616385,1.302611838920419,,1,
2.4434069662832827,0.5394851481808327,1.9928360087878612,1,,1
1.5095602149774676,2.5789009639740095,2.0298692336207664,1,1,1
1.21398998588314,2.23411155463002,2.369113046999153,,1,1
2.12770479700783,2.5255180026835715,0.5397047797091187,1,1,
0.9508771421307325,0.8833389312071712,0.13272534987284326,,,
0.4709742949113197,2.016473191420948,6.974646572723446,,1,1
1.7224563396604862,2.1858750287951834,5.542025391207159,1,1,1
0.7620659014173596,0.9964124086742817,0.9699627993565852,,,
2.48605663314555,0.21029042327827177,2.1627889040645956,1,,1
0.3743608934978583,2.715291525307625,1.4280194854284562,,1,
1.1718977277555023,1.6600151130725114,6.094376626842473,,1,1
2.5371146369371345,2.9954803482344765,1.3805329564175333,1,1,
0.10547501645072353,0.3578794891879884,3.420928074927054,,,1
0.22694393202805638,1.6597316436199132,1.5069815358313028,,1,1
0.6531213081964574,0.3715433776553854,2.769496390831943,,,1
0.7081320907450337,1.830962257603726,0.4140807706300541,,1,
2.4695911885752966,1.5291769346794823,6.6626790148244295,1,1,1
1.5431335294369002,1.0052649860755312,5.258767623318083,1,,1
2.689190403629702,3.097653838978525,0.12793317393013948,1,1,
1.9672008843673676,2.9136226120233077,2.1586153844738365,1,1,1
1.4309714721463913,2.669844511370316,4.259110844304748,,1,1
0.4515788252544625,0.8945172551998642,3.3311190610839407,,,1
0.0676726058825762,1.463991679815722,3.457050008109208,,,1
1.0414460005702872,2.0601359561015835,3.219565028655369,,1,1
0.2281016186910758,0.6672873814878721,0.5304316998443964,,,
0.12178904065989117,2.6736543798609764,2.384899746012955,,1,1
0.6811843684005099,1.290679593257743,5.726912299048684,,,1
1.7049105535653428,1.4900801380037834,3.089956279713471,1,,1
0.36106502079575203,2.492242196446111,1.6471056247253029,,1,1
2.626882101754883,0.6595411068910373,4.6923643268548245,1,,1
2.426266828630156,0.84835942882374,4.1395515471842526,1,,1
0.7270136812983069,3.2373904636691364,1.195634352569732,,1,
0.36373992852570947,1.660324398917144,3.1349972516070586,,1,1
1.2986188712436555,1.392357373405929,1.4117449381342508,,,
0.2601046520505346,1.884427303259458,1.712283674510655,,1,1
0.8366630281488169,0.7004838970916105,0.6435802789778934,,,
1.6443461482048272,0.3739179718228416,0.5052893204533859,1,,
1.3043244451655283,0.34407196107033017,2.2365539529430243,,,1
0.3544502396773713,0.10865769996534246,2.957214598875276,,,1
0.39285699291693793,2.469313433123322,1.8442217049570868,,1,1
1.608186028076355,0.2267580072041133,6.568930848277573,1,,1
1.9220480782770575,2.2744537421062763,5.196988807239107,1,1,1
2.662299683183688,0.25524659408796924,7.146549634615668,1,,1
0.4061281883025953,0.872744453681881,7.132289776281176,,,1
0.03256500415876465,0.8443351891663545,6.559478998416896,,,1
1.4520044419038665,0.48689911969183297,6.666464402584396,,,1
0.01933423746350902,0.9400124803025918,3.365600401330973,,,1
2.109333911667296,1.6080013959410417,1.005198648160552,1,1,
2.009572668360049,2.3230907839465855,0.2664648376361754,1,1,
2.066932799739392,2.301674413701803,1.1136100818985892,1,1,
2.3408788540770726,0.46719821492908675,5.884673329796629,1,,1
0.22666987279096487,2.2867776460084,5.253761969960894,,1,1
0.020276726852817974,1.9211404127492724,2.205262552888834,,1,1
1.172294758655694,1.4186037129023874,5.107889216517777,,,1
0.8246277829178518,0.9475587293326356,4.912913977648573,,,1
1.6746359630641483,0.7687913681956342,0.040240155503320496,1,,
1.1293810859900961,0.8240044389272813,1.569099377514985,,,1
2.214059632890881,2.4167873726523736,2.7811866469523685,1,1,1
1.9120506473074173,1.1214712023348827,5.0423153162590095,1,,1
2.237982024825163,0.3895108451595637,2.528402710905586,1,,1
0.385237685516445,1.100268755397197,7.20005060192545,,,1
1.955766548689782,3.0003222548283865,2.694207572524811,1,1,1
2.5374679501077098,2.051294928013579,0.5562167062980465,1,1,
1.684487062798729,0.6763980801665982,0.62155287371169,1,,
1.0487009513289365,1.2647543340541962,6.129165832684664,,,1
0.4956131234178611,0.2253006194855443,5.692967168076866,,,1
2.681229019847906,0.10837836733840236,3.2183895578327633,1,,1
1.5639668529578203,3.038309526725373,0.2147413829524178,1,1,
1.5024887349150362,2.443239552707118,0.40473500744883106,1,1,
0.4835536857514545,3.209363575114341,5.537117437276224,,1,1
2.550434355869846,2.1648263365894485,5.51997765173497,1,1,1
1.6573802983007728,0.23911317762718404,6.43470645696503,1,,1
0.13592616451681447,2.080354727567817,3.841739094345548,,1,1
0.4003941525588575,0.871543932854004,4.986268264460115,,,1
2.615788136755059,2.6924793950738866,0.3272588318289579,1,1,
0.9073037541820079,0.9106902206341768,3.9353342090918466,,,1
0.013287081188018824,0.6536904877767357,2.3392621648526553,,,1
0.1834021479010249,1.3558549943466913,3.791489216739859,,,1
0.9654079251432202,1.6756749799592632,0.1437393976470741,,1,
2.237952373340974,3.2716910470948006,4.296404627345257,1,1,1
2.0599271237534333,0.14024123497374064,4.563257206222369,1,,1
0.8683055232934098,1.9854129032892986,1.266045183170044,,1,
0.5570275987507141,1.119716204712974,3.1551458793377516,,,1
1.3792632713500583,0.4704078187044639,1.6904874842855109,,,1
1.468326929667182,0.7356965988529818,5.464838415898798,,,1
1.250661306865618,1.171283987671455,2.4682217160820694,,,1
2.6164950046460222,1.68462311718655,3.496215209353309,1,1,1
2.260449957426808,1.0797861170374503,6.485734666707865,1,,1
1.4894069307438216,2.6069265247547064,6.370693639810381,,1,1
0.6399606981086394,2.593102364903844,7.007269319134104,,1,1
1.2454749381196462,0.04471136192244396,4.099587725118046,,,1
1.2453039250049531,0.46127402098195075,6.493695420005009,,,1
1.038260816440758,1.105746574893537,7.062192472523539,,,1
1.0423819645477495,1.2994093045888713,5.085778580960668,,,1
0.5920408354154292,2.401987304864121,2.7907011314131362,,1,1
0.24032793221456736,0.8000098238598332,2.560965931582812,,,1
1.2067676799974327,1.7079574939001516,4.7025411543662985,,1,1
1.751275696459863,2.1912591409306303,0.5815931422871377,1,1,
2.4251079046875983,1.6712821142046148,4.558747477865504,1,1,1
0.5156185018325666,2.622411209993327,6.387405884851114,,1,1
1.9931778846756365,1.0704978743460896,3.942167700103243,1,,1
2.4362884901652055,1.6799631381916695,1.1296346474461496,1,1,
0.6864343783100739,0.9901238859233011,2.976443819359302,,,1
2.118045097626023,0.5371457810324733,0.436643842390085,1,,
0.2694398890345237,0.5567324029999733,1.2042159008313535,,,
0.40533585258089627,1.3268192720946328,2.794600406866249,,,1
0.4604977003875961,2.9899198480894547,6.701989210954835,,1,1
1.7024805002196408,2.5828874787121694,0.3427916138837534,1,1,
1.276720947449839,1.3908269116788952,2.9891825262119163,,,1
0.515417760409974,3.1641119967926725,4.616658797509181,,1,1
1.4340034647341935,1.8189394472762648,5.18709848919372,,1,1
0.2343014628051512,0.24505617420309572,4.198010242044092,,,1
0.7270239122541409,1.9622558738576412,1.1295985851715888,,1,
1.0847266521681376,0.1831260000947639,0.2758892451326113,,,
2.618853239926565,0.47481714781451406,3.3143156998355168,1,,1
0.3583756020309381,3.028191437718243,6.22885036406564,,1,1
0.35858472349326936,2.215972611951552,3.2066010550775035,,1,1
2.1546827803516138,1.820123579898052,4.747783027786366,1,1,1
0.5293286626476488,1.91836033376175,5.739491082257845,,1,1
1.110632933515781,0.32802252677211624,5.51772269716047,,,1
0.1894325422868953,1.8681377007878133,5.97060405870621,,1,1
1.5857544112049429,2.979664738745454,2.2098050897576935,1,1,1
2.069446746651592,1.3531574241879392,3.4533930783762905,1,,1
0.6188434005737968,3.0895703238503476,4.063100866495311,,1,1
0.6577856193259831,1.7256468673024967,1.8197531241921987,,1,1
1.2111431830720836,1.4438159523882597,4.366848677052186,,,1
1.6451837891660919,0.41516531698229364,6.713423861620717,1,,1
2.3211847089043562,0.8697271688492599,2.2720174089880514,1,,1
0.6070392939872701,2.9834314385238057,1.8789448767539463,,1,1
2.518966769920062,1.4639795192402663,2.290698904314156,1,,1
0.18622188119417238,2.7495075979306463,4.111413925343908,,1,1
0.26593836516489505,0.18620549850384477,4.816335032210154,,,1
1.9502553441347896,0.4251539466457466,4.465465356315327,1,,1
2.344825075215748,0.936137608613094,2.9118176997162943,1,,1
2.5403165714390625,1.3252266180282817,2.9091415686379483,1,,1
1.099913670759803,3.037751170549661,0.2681729275020575,,1,
2.4009979848915513,0.5306489915521275,0.4699237324737501,1,,
1.6186418188416345,0.42975126101660777,4.465248257496578,1,,1
0.8823071846259559,3.032781247542479,4.640299621437745,,1,1
1.9497013889858121,1.2215484889782973,0.7200474380560269,1,,
0.05790829315204991,1.8575585018168097,1.8464049782930279,,1,1
2.5290972451177067,0.6539021451256829,6.8433051785321775,1,,1
1.1037281849684542,1.4008797955714545,2.888446786735259,,,1
0.8217341137011872,1.2481491476841604,5.396889660318364,,,1
0.7764280372405696,3.0906068025325837,3.66449634415508,,1,1
2.140210708411457,0.593698905676795,4.516973592843802,1,,1
2.0920059241596363,1.6087197040641599,2.816733335389211,1,1,1
1.8445853603424325,0.29870796317131343,5.4523457663845925,1,,1
0.3698966494843997,1.7743867984817157,3.859586318351985,,1,1
0.8826773603754894,1.870424323584793,3.0439121993219436,,1,1
2.681378775935884,3.196709047432946,2.081047662310531,1,1,1
2.315403032850204,2.803525618857122,2.054172462462219,1,1,1
2.4964236496342385,2.3017996485315124,4.994431130332507,1,1,1
2.2373907658963974,1.651675869664637,4.937834563143084,1,1,1
1.733945926893534,2.492972427937182,1.0138682358394353,1,1,
0.49055867333057823,1.6729047552824017,1.395526337734128,,1,
0.4367185860882444,1.4914529813640567,1.4726843623645227,,,
1.2043601008513172,1.6564321185515942,4.731469456835322,,1,1
0.9118287147634476,2.683326054660675,2.7698645649837452,,1,1
0.2530444241280193,2.863172716115808,4.0310721701379135,,1,1
0.43839080802345837,1.322246747432445,4.011081755176,,,1
0.5330105865256327,1.9784306370553404,6.830213099478577,,1,1
2.0633662549975704,2.8191398021028236,3.6517555336926892,1,1,1
0.452630506978524,0.20534588541199364,6.8246131771057295,,,1
0.013270450846870343,1.730804869459891,4.1620065632030325,,1,1
0.9416415167650546,2.516158123412235,4.240064982035067,,1,1
2.543655974412745,3.097913000702518,7.27505843808178,1,1,1
2.0785671086092634,1.7106166875991264,0.5313195499384762,1,1,
1.3710116185069776,3.289292871771421,2.7326568743520245,,1,1
1.8806257901284698,0.5488573691592203,3.1912382775788624,1,,1
1.3527445957498776,2.926735093061647,2.257392085465749,,1,1
0.4136049032797295,1.4314645922466003,5.774723521775105,,,1
1.2354551922925816,1.5438945764452474,6.713961219480468,,1,1
0.8475758804315947,0.660688718248211,2.379588915783654,,,1
1.8394611330418669,0.431478987893384,5.4801962268240665,1,,1
1.844859000562404,2.5020847439088376,4.51966501077134,1,1,1
1.3087955539669764,3.232385131807267,2.40829916923335,,1,1
1.132263653750822,2.08316454979737,0.7457039978938845,,1,
2.5342463897103675,3.1352429669947313,0.1026332600393785,1,1,
2.1050933672909413,2.1093463892179547,0.39641867860472035,1,1,
0.453963091747508,2.639544972528374,2.8558815888621836,,1,1
1.23004449335247,2.7994644174522305,5.0203251603630425,,1,1
0.49420066559362574,1.1948492959048733,2.929169330154062,,,1
2.2132711712170643,0.29814665313712346,1.0763795471580644,1,,
1.4320106572254643,2.71389416343769,4.272608577459337,,1,1
0.7044354541849742,3.1566866129609665,5.884742912970269,,1,1
1.8149705456867096,3.0517831671262856,7.046105119463067,1,1,1
2.1655487252718237,0.9759392125173976,1.895772232792079,1,,1
0.8518404487387937,2.331460749467247,0.6828777941240166,,1,
1.918044243361604,2.4414169552786005,2.228721206032076,1,1,1
2.204044033167146,1.5840482432636518,5.097853685816174,1,1,1
2.0695083589685437,2.069310841222195,0.4068169143663691,1,1,
2.2525457683314323,0.6624381600201387,7.18066729229878,1,,1
1.3967018910502418,2.976518175368131,3.666859278402805,,1,1
2.631732581871703,1.9957738861649967,1.0891421573454085,1,1,
0.3695087744538814,2.3324580126090257,3.1893316390056157,,1,1
1.3189970852712014,0.9631289692738578,3.464195862508625,,,1
2.406940039610791,2.3508323868366663,3.960678798342272,1,1,1
1.6721693461366713,0.21617968897346204,1.1202618864239164,1,,
2.6972871898628443,1.6079191686484156,4.189147435961658,1,1,1
0.7265413136967027,2.400633460341458,3.365833848578053,,1,1
1.4864520700704709,2.0198290806988117,1.9949438778456212,,1,1
1.8969031887010899,0.055538417459193044,6.631452170321733,1,,1
1.3329991234261926,0.27581292247916334,4.263677916318897,,,1
0.6126357906223265,2.187115440196059,0.9298028522630053,,1,
2.5045226531444604,1.442734436814105,7.2867790614793195,1,,1
1.5022828732057978,3.280984596498204,4.529498558171549,1,1,1
2.2149300010925073,0.381242263998207,5.532749603259948,1,,1
1.196368480238586,2.9720260023961225,1.1088405559302903,,1,
2.2112129580213917,0.2699179532584654,1.6093623608396446,1,,1
2.2012836068489308,2.9378752143068825,4.20536112341284,1,1,1
1.5885466896368257,2.823431841274529,6.725611880199483,1,1,1
2.105196298657923,2.7988929438407086,6.597223281444069,1,1,1
0.012975869306938104,0.9764774593602678,3.9251419503499103,,,1
0.6116791352494519,1.8424559408197896,6.7040472012028,,1,1
2.226443442572149,0.9698900951157307,0.16507893401306914,1,,
0.9825934592488172,1.6031005872299144,5.752007844080748,,1,1
1.8587481090487994,0.1661806953471593,4.311127091659553,1,,1
1.2559122734794408,2.6746463451027496,2.9485931872397493,,1,1
2.3707342262012916,2.5939580352626237,2.2416930215920465,1,1,1
2.125301260091464,1.1553235015407732,2.076207416807455,1,,1
0.8332384333101424,1.888802417578007,5.582742566339018,,1,1
0.29434682137718093,1.176622229568117,1.365204751156389,,,
0.8237495461884373,1.1593583532420204,3.4921998145122206,,,1
1.7420189176656256,2.7570344981596553,5.354617791506969,1,1,1
1.0873770299588064,3.265172101237104,0.44921080947129816,,1,
2.062163554593681,0.5079995044026304,7.1486625409236275,1,,1
0.09254656696419188,3.1547062994881716,4.904071599882328,,1,1
2.005660258622599,0.5414324710081233,0.6756714305838883,1,,
0.2741090722411063,1.2989813433891104,2.3751030084114424,,,1
1.9271757156853222,2.3931397703184683,3.8362322192545046,1,1,1
1.9185532032074464,2.330406290290596,4.34301883322647,1,1,1
0.6628945741719346,1.2863033966495843,4.615945831208436,,,1
1.3345820910841224,1.8411226116496877,3.0554541002664153,,1,1
2.1160592640231766,0.15884078168483015,1.5330638569294128,1,,1
1.1916203120319482,1.064390607934762,6.600722793819228,,,1
0.7702725839643857,1.9129191081232626,6.378273921127042,,1,1
1.657359319770111,1.6555411377062497,7.201180868103112,1,1,1
0.7668520122151451,0.8898238721727013,0.11992653283453633,,,
2.373665109028722,1.6852875565046832,3.1700211821488273,1,1,1
1.120113180472673,0.70811853669029,5.105340594320946,,,1
2.193892546761085,1.8284129147956651,3.442989342195288,1,1,1
1.167321414473332,2.915422016495255,7.169098900175006,,1,1
1.608019861413451,0.5586027270320805,2.210471502097996,1,,1
1.5801025405593658,1.224232165110642,6.766163117452969,1,,1
0.16479112277558736,1.8230860461517888,6.673855578312853,,1,1
2.6313141933068303,3.042110037676756,3.372969485584679,1,1,1
0.7580899515481531,0.43766670867225593,6.938083042314347,,,1
2.504805801911744,2.0815837142300193,0.5313267921136707,1,1,
0.13716946861850005,0.0034392246709144866,7.238776434094316,,,1
2.3233327617892465,1.8228765134940315,7.058747523721392,1,1,1
0.0415827778104279,0.5596492376763752,6.821708999570393,,,1
2.248874925421108,1.065337223744161,3.9918145549686916,1,,1
1.0576206328925202,2.002499752219876,7.228587687541342,,1,1
1.6111430037539893,2.4948361541162027,7.107886254569871,1,1,1
1.608643303629495,2.234578956780475,6.530498225309432,1,1,1
2.42217715640821,0.5231406465241332,6.92722193788754,1,,1
1.6289889784277136,3.1256190320251847,2.712415618814764,1,1,1
2.3768286782481125,2.3816399498143097,1.0929536781608828,1,1,
2.3179285930090137,2.8255988866718833,3.312423301092417,1,1,1
2.335747674009287,0.6130562219836658,3.2500964706992828,1,,1
1.6057743908339808,3.028488236115365,5.4353727357649495,1,1,1
0.5064783266225861,0.21647874709130888,1.6347371342200003,,,1
1.036951255182337,1.5259073906067493,4.496230068416634,,1,1
2.56863663644374,0.846022479615649,2.1223992970350305,1,,1
0.8676483251379327,2.705648090030446,2.306583531553341,,1,1
0.5294066675842664,1.332149290819515,4.21918682150543,,,1
2.5602959668576832,2.514589977011524,5.0587203056506125,1,1,1
2.1787128892860554,1.7091547960258824,0.6441203642449879,1,1,
0.6465533559059513,3.1012047917966745,2.1206525735465567,,1,1
0.8942755584865619,2.11880827655456,2.586466034299031,,1,1
1.6476342833971016,1.5262714342264174,5.295855115339839,1,1,1
0.87662526327654,2.5611129039360474,2.3212593856850527,,1,1
1.8839256600253653,1.7841235883530684,4.975323407769893,1,1,1
1.3699319743154208,2.144153031463804,4.136521502597286,,1,1
0.4315645101450895,0.4758063962685869,3.0602601956528637,,,1
1.7764166864722077,1.9605567395815477,0.5230274388155173,1,1,
2.697437444014229,1.7412269048176514,3.3591962028050366,1,1,1
2.458836961000256,2.3822324244552044,2.250079294342003,1,1,1
0.45561952022511154,0.568891903628108,3.0044474902133986,,,1
1.6997045035109277,2.617321468906884,4.809743405810943,1,1,1
2.0511600181065686,3.296388668006423,2.0379596272458933,1,1,1
1.7997061457060024,2.7544147601659645,2.6828452732344283,1,1,1
0.3868198802693702,1.0973385583796922,6.30032739404588,,,1
0.26959385674814434,2.210336350409401,7.234863625476294,,1,1
0.6830933796545369,2.426569598034529,0.6223602603569547,,1,
0.8260511220411757,3.091295491424815,4.485371249972755,,1,1
2.6066792441609263,0.2626866890645976,2.7507594193505436,1,,1
1.737331147879626,1.7054641172335079,3.5081980256397673,1,1,1
1.2180233885726781,0.5115114036348036,6.532421927822712,,,1
0.000815511054931617,3.2152689516809025,2.7904863634445913,,1,1
1.633871864225652,2.8537695981554068,6.7452505342212445,1,1,1
2.017377068053147,2.874633956220532,1.6635341202754335,1,1,1
1.0999245669886326,1.9749281216579255,3.078873450533618,,1,1
1.0376255281554783,2.510181219423685,5.700423436335284,,1,1
0.7172575168525289,2.977454551937489,5.432436295339681,,1,1
1.6775106011598642,0.7752946502267509,7.299287462049477,1,,1
0.9100731203835389,2.1541698896099017,1.2532857997339522,,1,
2.3777362330657237,3.003969328521841,2.1783703086552597,1,1,1
2.0146576254866684,2.767652854406792,1.9814392952058613,1,1,1
1.9690738378465849,0.07479788533764753,3.407836398397491,1,,1
2.675644566565254,3.1469886891211076,1.3742243832167134,1,1,
2.034070655298312,2.9867204819528785,6.673790852786326,1,1,1
1.868464824566403,2.5909616878906574,2.2062842358064687,1,1,1
2.5492491918429727,1.9706526086556184,2.3520671282148102,1,1,1
0.8324081137507376,1.5324127539271366,1.2328608540826744,,1,
0.07621968078293426,1.99961480211922,3.859467789425568,,1,1
0.8810498855750701,2.665772140403024,2.1645538522825407,,1,1
2.688908842610331,2.5647899502864715,1.7457472261485942,1,1,1
0.3906538334389193,2.3730604277712546,7.1231985311943715,,1,1
0.3841246492125879,2.934052443346005,1.8916382100725477,,1,1
2.2056510601646893,1.5792467626335986,3.2251446428586057,1,1,1
2.5387234197266335,1.8073462554945448,0.021800854200239705,1,1,
0.4867638760928867,3.1165841336964673,6.85054647091146,,1,1
0.06019955200116787,3.0610724101100577,5.193317430365182,,1,1
2.5783368133167146,0.926395267295049,3.2561610914369927,1,,1
0.2866380380472869,0.36132204522694616,4.032436562150762,,,1
1.0861978483348769,2.724678011313215,6.033605467396099,,1,1
0.35107307028098805,0.23562901887917898,5.8776749427347825,,,1
1.0097367352824762,2.6608862503470174,4.028837862738604,,1,1
1.749564453965994,1.7502024073005533,4.37846833288618,1,1,1
0.8005306260917555,3.0132680465541624,1.442765388165088,,1,
0.5231784917538921,0.8954942025576847,1.9661557128695597,,,1
2.496587038673663,2.348239975369028,1.1838121293685566,1,1,
0.9149927791970741,2.5847920126393946,7.1298162675629575,,1,1
0.8325535215785786,2.43845880338622,3.424340624477934,,1,1
1.210236038285761,2.7747909701412197,1.559438734067188,,1,1
0.367813166733219,0.20423469119596332,6.565702411328984,,,1
1.6968867475137903,2.433998253442584,2.7553468494353077,1,1,1
1.0517341837800678,2.5723480661444977,5.945105140649334,,1,1
2.298233694374635,2.1977593595332205,5.1590508667549955,1,1,1
2.0643067130453314,3.1728789641927797,0.8663465514981791,1,1,
0.4399635931029683,2.462422255099753,0.8056272916476436,,1,
2.6892858690359884,0.8816802649810818,0.8636887939446285,1,,
2.6745629363750254,1.4782785214158913,6.177246569952138,1,,1
0.7054902788674453,2.481597506839053,4.122984461479346,,1,1
0.30399485675903065,2.2875895368405397,6.184269262519564,,1,1
2.4008580288794295,1.3581923271981067,4.44096915356459,1,,1
0.7892167011167014,0.8135058098939837,6.927933839640726,,,1
1.1658518107267573,2.466589320864132,1.1033066505557625,,1,
2.316822492448876,0.4881947548563307,6.405880623095967,1,,1
0.859961269155029,2.6401102726096806,5.726488747659309,,1,1
0.48463008869886126,0.9825442631556142,2.497127643013987,,,1
0.13148519025253302,0.19750583731410934,1.4074718208237351,,,
1.2354624991838306,3.1129394532703216,2.684165835788001,,1,1
1.8176448444855078,0.6136032016574354,3.380522944164815,1,,1
0.8819931157239979,1.6755131303250985,1.0437634279903647,,1,
1.9810094173215187,0.11045349559381669,0.12440730546722316,1,,
1.8607337793940957,0.47252190885137374,4.311167464915705,1,,1
2.3096461908741084,2.675532473161462,4.223855340673019,1,1,1
0.22587618179940908,1.5894981798814454,0.8099177270629188,,1,
1.0909502360098036,2.1072430002029163,1.694246592309332,,1,1
1.8041671099855268,1.5619408158345571,2.844203727177506,1,1,1
0.058334765083685576,0.18785989568938924,3.06600659682787,,,1
2.1068061443495893,0.8882300170954065,0.5735964251463805,1,,
1.0546585616109057,0.02372500510694442,6.24981525392341,,,1
0.20138168297758924,1.3095520461466499,2.6556250747236327,,,1
1.3870521508082212,1.9656332110287624,1.2969815210929132,,1,
1.009152957105477,2.6407299578400196,2.639946284905151,,1,1
0.14844481679683444,2.0624575605086006,4.35127498813274,,1,1
1.8015064715983429,2.6106444714414674,5.3064715511689,1,1,1
1.6544020591419872,2.001021735994606,4.183870633357096,1,1,1
1.6353608179542454,1.331358568701456,5.45075327515939,1,,1
1.6411666867500718,2.959173580211484,1.3357703771701388,1,1,
0.07756845314465508,2.5363469734629773,0.7484212817591573,,1,
2.4808161294529896,0.30319594862344595,0.6849433078236041,1,,
0.35717214301300465,0.5474894937989575,4.802750192052428,,,1
0.983553160529407,0.7978385965804433,6.046126495578426,,,1
0.9685443557743779,0.2695106528427957,3.0896452347020475,,,1
0.028036300445250198,0.9735520344449491,3.1219954370053586,,,1
1.2258725701934223,3.277105270079248,4.11287102574995,,1,1
0.18178284117051619,2.413624986010233,2.131975203334026,,1,1
2.4465759795255155,0.1932341173031103,6.406756513138905,1,,1
0.26953760022422407,1.410742504354193,5.3852490015563985,,,1
1.7205075630912308,1.8631768125202983,2.521355714879036,1,1,1
0.707597654850064,0.395382367631151,0.8119043500298193,,,
1.16957693158361,2.560878397142134,1.712677225974738,,1,1
0.7714978156883736,2.0646802070773673,4.735825219093767,,1,1
2.6681072170029463,1.1505485762027807,2.355082750049009,1,,1
2.1089297270942775,2.843626205158196,3.8333577726046353,1,1,1
1.43850612658136,2.746461418985279,6.977440901718423,,1,1
0.37559808922078575,2.565993281699268,0.8587912507719538,,1,
2.056016530744552,0.4589414835102132,4.689544041603891,1,,1
1.143615335565362,1.4724266378457762,3.7126446571592275,,,1
1.849282663257275,0.5992875058016642,1.9018694989205507,1,,1
0.14799297788845273,0.6684267241421653,0.6593757661758944,,,
1.8556040085573242,0.22701804794448305,6.312324394475456,1,,1
2.6998568255535313,1.288291665180442,0.057918345742822216,1,,
2.2294343440696007,2.858794819154869,2.470197610406252,1,1,1
0.051517233419009094,2.837300802558869,2.646664469022606,,1,1
0.5142025853707133,1.7687996509333168,4.057024801103757,,1,1
1.5735142806965798,2.0457912876006357,2.1179887640182393,1,1,1
0.686696694706353,0.9819983459772782,6.377517367992301,,,1
2.463437507346528,1.3402732326191007,6.306492794633844,1,,1
1.6801451713844875,0.3117714010627356,7.075078790490409,1,,1
1.800124615596603,3.247230775187785,6.735132769030501,1,1,1
1.7191051127025192,0.007430602502161276,3.46075456218835,1,,1
0.639089783442085,0.8209166347582282,2.627006336952669,,,1
1.6070003192741313,0.4192840016509392,7.17445348229215,1,,1
0.12193543223529713,0.3998575692997561,1.871699762063622,,,1
